smiles,0,1,2,3
O=S1(=O)CC(N2CCCCC2)C1,7ga3,a,7ga2,a
CCOC(C(=O)N1CC(C2CS(=O)(=O)C2)C1)C1CCCC1,7ga3,a,7ga2,a
CCC(CNC(=O)CC1CCC1)NC(=O)C1CS(=O)(=O)C1,7ga3,a,7ga2,a
CCC(CNC(=O)CC1CCCC1)NC(=O)C1CS(=O)(=O)C1,7ga3,a,7ga2,a
CCC(CNC(=O)CC1CCC1)NC(=O)C1(C)CS(=O)(=O)C1,7ga3,a,7ga2,a
COC1(C(=O)NC(C(=O)N2CCCCC2)C(C)C)CS(=O)(=O)C1,7ga3,a,7ga2,a
C=C1CCN(C(=O)C(NC(=O)OC(C)(C)C)C2CS(=O)(=O)C2)C1,7ga3,a,7ga2,a
CC(C)(C)OC(=O)NC(C(=O)N1CCC2(CC2)C1)C1CS(=O)(=O)C1,7ga3,a,7ga2,a
CCOC(=O)CC1(NC(=O)CC(CC)C2CCC2)CS(=O)(=O)C1,7ga3,a,7ga2,a
CC1(c2nc(C3CCSC3)no2)CS(=O)(=O)C1,7ga3,a,7ga2,a
CC(OC1CCCC1)C(=O)NC1CS(=O)(=O)C1,7ga3,a,7ga2,a
O=C(NC1(CCO)CS(=O)(=O)C1)C(O)CC1CCCCC1,7ga3,a,7ga2,a
CC(OC1CCCC1)C(=O)NC1(CCO)CS(=O)(=O)C1,7ga3,a,7ga2,a
O=C(NCC(CO)NC(=O)C1CS(=O)(=O)C1)C1CCCCC1,7ga3,a,7ga2,a
O=C(NCC(CO)NC(=O)C1CS(=O)(=O)C1)C1CCC2(CC2)C1,7ga3,a,7ga2,a
O=C(NCC(CO)NC(=O)C1CS(=O)(=O)C1)C1CCC1,7ga3,a,7ga2,a
CC1(C(=O)NC(CO)CNC(=O)C2CCCSC2)CS(=O)(=O)C1,7ga3,a,7ga2,a
CC1(C(=O)NC(CO)CNC(=O)C2CC3CC3C2)CS(=O)(=O)C1,7ga3,a,7ga2,a
CC1(C(=O)NC(CO)CNC(=O)C2CC3(CC3)C2)CS(=O)(=O)C1,7ga3,a,7ga2,a
O=C(NC(CO)CNC(=O)C1(C2CCC2)CC1)C1CS(=O)(=O)C1,7ga3,a,7ga2,a
C#CC(NC(=O)NC(C)C1CS(=O)(=O)C1)C1CCC1,7ga3,a,7ga2,a
CC(CC1CCCCC1)C(=O)N1CC(C2CS(=O)(=O)C2)C1,7ga3,a,7ga2,a
CCC(C)(O)C(=O)NCC(NC(=O)C1(C)CS(=O)(=O)C1)C1CCC1,7ga3,a,7ga2,a
COC(C)C(=O)NC(CNC(=O)CC1CS(=O)(=O)C1)C1CCC1,7ga3,a,7ga2,a
C#CCCCN(CC1CCCCC1)C(=O)NCC1CS(=O)(=O)C1,7ga3,a,7ga2,a
CC(CNC(=O)C(C)CC1CCC1)CNC(=O)C1CS(=O)(=O)C1,7ga3,a,7ga2,a
CC(CNC(=O)CC1CS(=O)(=O)C1)CNC(=O)C(C)N1CCC1,7ga3,a,7ga2,a
CC(CNC(=O)CC1CS(=O)(=O)C1)CNC(=O)C(C)C1CCC1,7ga3,a,7ga2,a
CC(C)CC(CNC(=O)CC1CS(=O)(=O)C1)NC(=O)C1CCC1,7ga3,a,7ga2,a
O=C(CC1CS(=O)(=O)C1)NCCN(CCO)C(=O)C1CCCC1,7ga3,a,7ga2,a
O=C(CC1CS(=O)(=O)C1)NCCN(CCO)C(=O)C1CCC1,7ga3,a,7ga2,a
CC(CCNC(=O)C(O)C1CCC1)NC(=O)C1CS(=O)(=O)C1,7ga3,a,7ga2,a
CCCN(C1CCCCC1)S(=O)(=O)C1CS(=O)(=O)C1,7ga3,a,7ga2,a
O=S1(=O)CC(S(=O)(=O)NCCCC2CCCCC2)C1,7ga3,a,7ga2,a
O=S1(=O)CC(S(=O)(=O)NCCCC2CCC2)C1,7ga3,a,7ga2,a
O=S1(=O)CC(NOCC2CCC2)C1,7ga3,a,7ga2,a
CC(CNC(C)C1CS(=O)(=O)C1)C1CCCC1,7ga3,a,7ga2,a
CC(C)C(CNC(=O)CC1CS(=O)(=O)C1)NC(=O)C1CCCS1,7ga3,a,7ga2,a
CC(C)C(CNC(=O)CC1CS(=O)(=O)C1)NC(=O)C1CCSC1,7ga3,a,7ga2,a
CC(C)(C)C(NC(=O)NCC1CS(=O)(=O)C1)C1CCCCC1,7ga3,a,7ga2,a
CCCCC(=O)NC(CNC(=O)C1CS(=O)(=O)C1)C1CCCC1,7ga3,a,7ga2,a
CC(CNC(=O)C1CCS1(=O)=O)NC(=O)C(C)(C)C1CCCCC1,7ga3,a,7ga2,a
CC(C)C(CN1CCCCC1)NCC1(C)CS(=O)(=O)C1,7ga3,a,7ga2,a
O=C1CCN(CC2CCS2(=O)=O)C(=O)C(C2CCCC2)N1,7ga3,a,7ga2,a
CC(CN(C)C(=O)C1CCCCC1)NC(=O)CC1CS(=O)(=O)C1,7ga3,a,7ga2,a
CC(CN(C)C(=O)C1CCCSC1)NC(=O)CC1CS(=O)(=O)C1,7ga3,a,7ga2,a
CC(CN(C)C(=O)C1CCCC1)NC(=O)CC1CS(=O)(=O)C1,7ga3,a,7ga2,a
CC1(CNC(=O)CNC(=O)CC2CCCCC2)CS(=O)(=O)C1,7ga3,a,7ga2,a
CC(NC(=O)NCCN(C)C1CCCC1)C1CS(=O)(=O)C1,7ga3,a,7ga2,a
COCCN(CC1CCCCC1)C(=O)NC(C)C1CS(=O)(=O)C1,7ga3,a,7ga2,a
CC(NC(=O)N(C)CCOCC1CCC1)C1CS(=O)(=O)C1,7ga3,a,7ga2,a
COCCN(CC1CC=CCC1)C(=O)NC(C)C1CS(=O)(=O)C1,7ga3,a,7ga2,a
O=S1(=O)CC(C(CCO)C2CCCC2)C1,7ga3,a,7ga2,a
O=S1(=O)CC(C(CCO)C2CCC2)C1,7ga3,a,7ga2,a
O=S1(=O)CC(CC(CO)C2CCC2)C1,7ga3,a,7ga2,a
O=S1(=O)CC(CCC(O)C2CCCC2)C1,7ga3,a,7ga2,a
O=S1(=O)CC(CC(CO)C2CCCC2)C1,7ga3,a,7ga2,a
O=S1(=O)CC(C(CCO)C2CCCCC2)C1,7ga3,a,7ga2,a
NC1(CCCOC2CCC2)CS(=O)(=O)C1,7ga3,a,7ga2,a
O=S1(=O)CC(O)(CCCOC2CCC2)C1,7ga3,a,7ga2,a
CCOC(=O)C(CC1CCCCC1)NC(=O)C1CS(=O)(=O)C1,7ga3,a,7ga2,a
O=C(CN1CCCCC1)NCC(CO)NC(=O)CC1CS(=O)(=O)C1,7ga3,a,7ga2,a
CC(C)(C(=O)OCCC1CS(=O)(=O)C1)C1CCCC1,7ga3,a,7ga2,a
NC(CCC1CCC1)C1CCS1(=O)=O,7ga3,a,7ga2,a
CCON(CC1CCCCC1)C(=O)NCC1CCS1(=O)=O,7ga3,a,7ga2,a
CC(CN1CCC(=O)NC(C2CS(=O)(=O)C2)C1=O)C1CCC1,7ga3,a,7ga2,a
CCC(F)C(=O)NC(CNC(=O)C1CS(=O)(=O)C1)C1CCCC1,7ga3,a,7ga2,a
CCC(F)C(=O)NC(CNC(=O)C1CS(=O)(=O)C1)C1CCC1,7ga3,a,7ga2,a
CC(CCNC(=O)CC1CS(=O)(=O)C1)NC(=O)C(O)C1CCC1,7ga3,a,7ga2,a
CC(CCNC(=O)CC1CS(=O)(=O)C1)NC(=O)C(O)C1CCCC1,7ga3,a,7ga2,a
CC(CO)C(=O)N(CCNC(=O)C1CS(=O)(=O)C1)C1CCCC1,7ga3,a,7ga2,a
CN(CCNC(=O)C1CS(=O)(=O)C1)C(=O)C1CCCC1,7ga3,a,7ga2,a
CN(CCNC(=O)C1CS(=O)(=O)C1)C(=O)C1CCCCC1,7ga3,a,7ga2,a
CN(CCNC(=O)C1CS(=O)(=O)C1)C(=O)C1CCC1,7ga3,a,7ga2,a
CN(CCNC(=O)C1CS(=O)(=O)C1)C(=O)C1CCSCC1,7ga3,a,7ga2,a
CN(CCNC(=O)C1(C)CS(=O)(=O)C1)C(=O)C12CCCC1CCC2,7ga3,a,7ga2,a
CN(CCNC(=O)C1(C)CS(=O)(=O)C1)C(=O)C1CCCSC1,7ga3,a,7ga2,a
CN(CCNC(=O)C1(C)CS(=O)(=O)C1)C(=O)C1CCCC1,7ga3,a,7ga2,a
COC1(C(=O)NCCN(C)C(=O)C2CCSCC2)CS(=O)(=O)C1,7ga3,a,7ga2,a
COC1(C(=O)NCCN(C)C(=O)C2CCCC2)CS(=O)(=O)C1,7ga3,a,7ga2,a
COC1(C(=O)NCCN(C)C(=O)C2CCC3(CC3)C2)CS(=O)(=O)C1,7ga3,a,7ga2,a
CN(C(=O)C1CCCC1)C(CNC(=O)C1CS(=O)(=O)C1)C1CC1,7ga3,a,7ga2,a
CC(CC1CCCCC1)NC(=O)C(=O)NC(C)C1CS(=O)(=O)C1,7ga3,a,7ga2,a
CC(CNC(=O)C1CS(=O)(=O)C1)CNC(=O)C(C)(O)C1CCC1,7ga3,a,7ga2,a
CC(C(=O)NCC(NC(=O)C1CS(=O)(=O)C1)C1CCC1)N(C)C,7ga3,a,7ga2,a
C#CCN(CC1CS(=O)(=O)C1)C1CCC1,7ga3,a,7ga2,a
CCCCC(CNC(=O)C1CCCC1)NC(=O)C1CS(=O)(=O)C1,7ga3,a,7ga2,a
CCCCC(CNC(=O)C1CCC1)NC(=O)C1CS(=O)(=O)C1,7ga3,a,7ga2,a
O=S1(=O)CC(NC(C(F)F)C2CCCCC2)C1,7ga3,a,7ga2,a
CCN(CCCNC(=O)C1CS(=O)(=O)C1)C1CCCCC1,7ga3,a,7ga2,a
CCOC(=O)CC(C1CCC1)C1CCS1(=O)=O,7ga3,a,7ga2,a
CCOC(=O)CC(C1CCCCC1)C1CCS1(=O)=O,7ga3,a,7ga2,a
CCOC(=O)CC(C1CCCC1)C1CCS1(=O)=O,7ga3,a,7ga2,a
CCC(CNC(=O)C1CS(=O)(=O)C1)NC(=O)C(O)C1CCC1,7ga3,a,7ga2,a
CCC(CNC(=O)C1CS(=O)(=O)C1)NC(=O)COC1CCCC1,7ga3,a,7ga2,a
CCC(CNC(=O)C1CS(=O)(=O)C1)NC(=O)C(O)C1CCCC1,7ga3,a,7ga2,a
CCC(CNC(=O)C1(C)CS(=O)(=O)C1)NC(=O)C(O)C1CCC1,7ga3,a,7ga2,a
COC(=O)C(C1CCCCC1)C1CCS1(=O)=O,7ga3,a,7ga2,a
COC(=O)C(C1CCC1)C1CCS1(=O)=O,7ga3,a,7ga2,a
COC(=O)C(C1CCCC1)C1CCS1(=O)=O,7ga3,a,7ga2,a
O=S1(=O)CC(N2CCNCC23CC3)C1,7ga3,a,7ga2,a
O=S1(=O)CC(N2CCNC3CC32)C1,7ga3,a,7ga2,a
O=S1(=O)CC(C2CCNC2)C1,7ga3,a,7ga2,a
O=S1(=O)CC(C2CCCCCN2)C1,7ga3,a,7ga2,a
O=S1(=O)CC(C2CCCNC2)C1,7ga3,a,7ga2,a
O=S1(=O)CC(N2CCCNCC2)C1,7ga3,a,7ga2,a
O=S1(=O)CC(N2CCNCC2)C1,7ga3,a,7ga2,a
O=S1(=O)CC(C2CNC2)C1,7ga3,a,7ga2,a
O=S1(=O)CCC1C1CCCCCN1,7ga3,a,7ga2,a
CC1(c2nc(C3CCCNC3)no2)CS(=O)(=O)C1,7ga3,a,7ga2,a
O=C(CCCCC1CCNCC1)NCC1CCS1(=O)=O,7ga3,a,7ga2,a
CN(CCNC(=O)C1CS(=O)(=O)C1)C(=O)C12CCCN1CCC2,7ga3,a,7ga2,a
O=C(N1CC(C2CS(=O)(=O)C2)C1)C12CCCN1CCC2,7ga3,a,7ga2,a
CC(C)N(C(=O)C(N)C1CS(=O)(=O)C1)C1CCCNCC1,7ga3,a,7ga2,a
O=C(NCC1CCS1(=O)=O)C(F)(F)C1CCNCC1,7ga3,a,7ga2,a
O=S1(=O)CC(CNS(=O)(=O)C2CNC2)C1,7ga3,a,7ga2,a
CC1(CS(=O)(=O)NC23CCN(CC2)CC3)CS(=O)(=O)C1,7ga3,a,7ga2,a
O=S1(=O)CC(CCC2CCCCN2)C1,7ga3,a,7ga2,a
CC(C1CCNC1)C1CS(=O)(=O)C1,7ga3,a,7ga2,a
O=S1(=O)CC(CCN2CCNCC2)C1,7ga3,a,7ga2,a
O=S1(=O)CC(CCN2CCCNCC2)C1,7ga3,a,7ga2,a
O=S1(=O)CC(CCC2CCNC2)C1,7ga3,a,7ga2,a
CC(C1CCCNC1)C1CS(=O)(=O)C1,7ga3,a,7ga2,a
O=S1(=O)CC(CCC2CCNCC2)C1,7ga3,a,7ga2,a
O=S1(=O)CC(CCC2CCCNC2)C1,7ga3,a,7ga2,a
O=S1(=O)CC(CCC2CCN2)C1,7ga3,a,7ga2,a
CC(C1CS(=O)(=O)C1)N1CCCNCC1,7ga3,a,7ga2,a
CC(C1CS(=O)(=O)C1)N1CCNCC1,7ga3,a,7ga2,a
CC1(CCC2CCN2)CS(=O)(=O)C1,7ga3,a,7ga2,a
CC1(CCC2CCNC2)CS(=O)(=O)C1,7ga3,a,7ga2,a
CN(CC1CCNCC1)C(=O)C1(C)CS(=O)(=O)C1,7ga3,a,7ga2,a
CC(O)(C1CNC1)C1CS(=O)(=O)C1,7ga3,a,7ga2,a
CC(O)(C1CS(=O)(=O)C1)C1C=CCN1,7ga3,a,7ga2,a
CC(O)(C1CS(=O)(=O)C1)C1CCCCN1,7ga3,a,7ga2,a
CC(O)(C1CS(=O)(=O)C1)C1CCCCCN1,7ga3,a,7ga2,a
CC(O)(C1CNC1)C1(C#N)CS(=O)(=O)C1,7ga3,a,7ga2,a
CC(O)(C1CCNC1)C1(C#N)CS(=O)(=O)C1,7ga3,a,7ga2,a
CC(O)(C1CNC1)C1(CN)CS(=O)(=O)C1,7ga3,a,7ga2,a
CC(F)(CC1CS(=O)(=O)C1)C1CNC1,7ga3,a,7ga2,a
CC(F)(CC1CS(=O)(=O)C1)C1CCN1,7ga3,a,7ga2,a
CC(F)(CC1CS(=O)(=O)C1)C1CCNC1,7ga3,a,7ga2,a
CC(O)(C(=O)C1CNC1)C1CS(=O)(=O)C1,7ga3,a,7ga2,a
CCOC(=O)CC1(NC(=O)C23CCN(CC2)C3)CS(=O)(=O)C1,7ga3,a,7ga2,a
CS(=O)(=NC(=O)C1CS(=O)(=O)C1)N1CCCNCC1,7ga3,a,7ga2,a
CS(=O)(=NC(=O)C1CS(=O)(=O)C1)C1CCNC1,7ga3,a,7ga2,a
O=S1(=O)CC(CSc2nncn2C2CCCNC2)C1,7ga3,a,7ga2,a
O=S1(=O)CC(NC2CCCNCC2)C1,7ga3,a,7ga2,a
O=S1(=O)CC(NN2CCNCC2)C1,7ga3,a,7ga2,a
O=S1(=O)CC(NC2CCNC2)C1,7ga3,a,7ga2,a
O=S1(=O)CC(NC2CCCNC2)C1,7ga3,a,7ga2,a
O=S1(=O)CC(NC2CCNC23CC3)C1,7ga3,a,7ga2,a
O=S1(=O)CC(NC2CCNCC2)C1,7ga3,a,7ga2,a
O=S1(=O)CC(NC2CNC2)C1,7ga3,a,7ga2,a
CN(C(=O)CC1(N)CS(=O)(=O)C1)C1CCNCC1,7ga3,a,7ga2,a
NC1(CC(=O)NCC2CCNC3(CC3)C2)CS(=O)(=O)C1,7ga3,a,7ga2,a
NC1(CC(=O)NCC(=O)N2CCNCC2)CS(=O)(=O)C1,7ga3,a,7ga2,a
CCN(C(=O)CC1(N)CS(=O)(=O)C1)C1CCCNC1,7ga3,a,7ga2,a
NC1(CC(=O)NCCN2CCNCC2)CS(=O)(=O)C1,7ga3,a,7ga2,a
N#CCCN(C(=O)CC1(N)CS(=O)(=O)C1)C1CCNC1,7ga3,a,7ga2,a
NC1(CC(=O)NC2CCCNC2)CS(=O)(=O)C1,7ga3,a,7ga2,a
NC1(CC(=O)N2CCNCCC23CC3)CS(=O)(=O)C1,7ga3,a,7ga2,a
NC1(CC(=O)N2CCNCC2)CS(=O)(=O)C1,7ga3,a,7ga2,a
CN(CC1CCNC1)C(=O)CC1(N)CS(=O)(=O)C1,7ga3,a,7ga2,a
CC(NC(=O)CCOC1CCNCC1)C1CS(=O)(=O)C1,7ga3,a,7ga2,a
NC(C(=O)N1CC(C2CCNCC2)C1)C1CS(=O)(=O)C1,7ga3,a,7ga2,a
NC(=O)C1(N2CCCNCC2)CS(=O)(=O)C1,7ga3,a,7ga2,a
NC(=O)C1(N2CCNCC2)CS(=O)(=O)C1,7ga3,a,7ga2,a
O=C(NC1CCNCC1)C1CS(=O)(=O)C1,7ga3,a,7ga2,a
O=C(NC1CCNC1)C1CS(=O)(=O)C1,7ga3,a,7ga2,a
O=C(NC1CNCC2(CC2)C1)C1CS(=O)(=O)C1,7ga3,a,7ga2,a
O=C(NC1C=CCNC1)C1CS(=O)(=O)C1,7ga3,a,7ga2,a
O=C(NC12CCCNCC1C2)C1CS(=O)(=O)C1,7ga3,a,7ga2,a
O=C(NC1CNC1)C1CS(=O)(=O)C1,7ga3,a,7ga2,a
O=C(Nc1cnc(N2CCNCC2)nc1)C1CS(=O)(=O)C1,7ga3,a,7ga2,a
O=C(Nc1ccc(N2CCNCC2)nc1)C1CS(=O)(=O)C1,7ga3,a,7ga2,a
O=C(Nc1nc(C2CCNCC2)cs1)C1CS(=O)(=O)C1,7ga3,a,7ga2,a
O=C(Nc1ccc(C2CCNCC2)cc1)C1CS(=O)(=O)C1,7ga3,a,7ga2,a
CC1(C(=O)NC23CCCN(CC2)C3)CS(=O)(=O)C1,7ga3,a,7ga2,a
CC1(C(=O)NC2CNC2)CS(=O)(=O)C1,7ga3,a,7ga2,a
CC1(C(=O)NC2CCCNC2)CS(=O)(=O)C1,7ga3,a,7ga2,a
O=C(Nc1cnc(N2CCNCC2)cn1)C1CS(=O)(=O)C1,7ga3,a,7ga2,a
O=C(CCC1CCCCN1)NCC1CCS1(=O)=O,7ga3,a,7ga2,a
CC(NC(=O)C12CC(C3CCNCC3)(C1)C2)C1CS(=O)(=O)C1,7ga3,a,7ga2,a
CC(=CC1CS(=O)(=O)C1)C1CCCNC1,7ga3,a,7ga2,a
CC(=CC1CS(=O)(=O)C1)C1CCCCN1,7ga3,a,7ga2,a
CC(=CC1CS(=O)(=O)C1)C1CCNC1,7ga3,a,7ga2,a
CC(=CC1CS(=O)(=O)C1)C1CNC1,7ga3,a,7ga2,a
CC(=CC1CS(=O)(=O)C1)C1CCNCC1,7ga3,a,7ga2,a
CC(=CC1CS(=O)(=O)C1)C1CCN1,7ga3,a,7ga2,a
CC(=CC1(C)CS(=O)(=O)C1)C1CNC1,7ga3,a,7ga2,a
CC(=CC1(C)CS(=O)(=O)C1)C1CCN1,7ga3,a,7ga2,a
CC(NS(=O)(=O)CC1CCCNC1)C1CS(=O)(=O)C1,7ga3,a,7ga2,a
O=C(NCCCC1CCNCC1)C1CS(=O)(=O)C1,7ga3,a,7ga2,a
CC1(C(=O)NCCCC2CCNCC2)CS(=O)(=O)C1,7ga3,a,7ga2,a
O=C(NC1CS(=O)(=O)C1)OC1CCNC1,7ga3,a,7ga2,a
O=C(NC1CS(=O)(=O)C1)OC1CNC1,7ga3,a,7ga2,a
CC(NC(=O)NC1CCNCC1)C1CS(=O)(=O)C1,7ga3,a,7ga2,a
CC(NC(=O)NC1CCCCNCC1)C1CS(=O)(=O)C1,7ga3,a,7ga2,a
CC(NC(=O)NC1CCNC1)C1CS(=O)(=O)C1,7ga3,a,7ga2,a
CC(NC(=O)CN(C)C1CCNCC1)C1CS(=O)(=O)C1,7ga3,a,7ga2,a
c1cc(-c2ncc3c(n2)CNC3)cs1,7ga1,a,7g9y,a
c1csc(-c2ncc3c(n2)CNC3)c1,7ga1,a,7g9y,a
Cc1sccc1-c1ncc2c(n1)CNC2,7ga1,a,7g9y,a
Cc1cc(-c2ncc3c(n2)CNC3)cs1,7ga1,a,7g9y,a
c1csc(Cc2ncc3c(n2)CNC3)c1,7ga1,a,7g9y,a
Cc1ccc(-c2ncc3c(n2)CNC3)s1,7ga1,a,7g9y,a
Clc1ccc(-c2ncc3c(n2)CNC3)s1,7ga1,a,7g9y,a
Cc1cscc1-c1ncc2c(n1)CNC2,7ga1,a,7g9y,a
Cc1ccsc1-c1ncc2c(n1)CNC2,7ga1,a,7g9y,a
Brc1ccsc1-c1ncc2c(n1)CNC2,7ga1,a,7g9y,a
Brc1csc(-c2ncc3c(n2)CNC3)c1,7ga1,a,7g9y,a
Clc1cscc1-c1ncc2c(n1)CNC2,7ga1,a,7g9y,a
Brc1ccc(-c2ncc3c(n2)CNC3)s1,7ga1,a,7g9y,a
c1nc(C2CCCCS2)nc2c1CNCC2,7g9y,a,7ga2,a
c1nc2c(c(C3CCC3)n1)CNCC2,7g9y,a,7ga2,a
c1nc2c(c(N3CCC3)n1)CNCC2,7g9y,a,7ga2,a
c1nc(N2CCSCC2)nc2c1CNCC2,7g9y,a,7ga2,a
c1nc(C2CCCSC2)nc2c1CNCC2,7g9y,a,7ga2,a
c1nc(C2CCSC2)nc2c1CNCC2,7g9y,a,7ga2,a
c1nc2c(c(C3CCCCC3)n1)CNCC2,7g9y,a,7ga2,a
c1nc(C2CCCCCC2)nc2c1CNCC2,7g9y,a,7ga2,a
c1nc2c(c(C3CCCC3)n1)CNCC2,7g9y,a,7ga2,a
c1nc(C2CSCCS2)nc2c1CNCC2,7g9y,a,7ga2,a
c1nc(C2CCCCC2)nc2c1CNCC2,7g9y,a,7ga2,a
c1nc2c(c(C3CCCS3)n1)CNCC2,7g9y,a,7ga2,a
c1nc(N2CCC2)nc2c1CNCC2,7g9y,a,7ga2,a
c1nc(C2CCCS2)nc2c1CNCC2,7g9y,a,7ga2,a
c1nc(C2CCCC2)nc2c1CNCC2,7g9y,a,7ga2,a
c1nc2c(c(N3CCCCC3)n1)CNCC2,7g9y,a,7ga2,a
c1nc(C2CSC2)nc2c1CNCC2,7g9y,a,7ga2,a
c1nc2c(c(N3CCSCC3)n1)CNCC2,7g9y,a,7ga2,a
c1nc(C2CCSCC2)nc2c1CNCC2,7g9y,a,7ga2,a
c1nc2c(c(N3CCCCCCC3)n1)CNCC2,7g9y,a,7ga2,a
c1nc(CN2CCC2)nc2c1CNCC2,7g9y,a,7ga2,a
Cc1nc2c(c(C3CCC3)n1)CNCC2,7g9y,a,7ga2,a
c1nc(CC2CCC2)nc2c1CNCC2,7g9y,a,7ga2,a
Cc1ncc2c(n1)CCN(C1CCCC1)C2,7g9y,a,7ga2,a
c1nc(CC2CCSC2)nc2c1CNCC2,7g9y,a,7ga2,a
Cc1nc2c(c(C3CCCC3)n1)CNCC2,7g9y,a,7ga2,a
c1nc(CC2CCCC2)nc2c1CNCC2,7g9y,a,7ga2,a
Cc1ncc2c(n1)CCN(C(=O)NCCCOC1CCCC1)C2,7g9y,a,7ga2,a
Cc1ncc2c(n1)CCN(CC(C)CC1CCCCC1)C2,7g9y,a,7ga2,a
Cc1ncc2c(n1)CCN(C(=O)C(CC1CCCC1)C(C)C)C2,7g9y,a,7ga2,a
Cc1ncc2c(n1)CCN(C(=O)COCC1CCCC1)C2,7g9y,a,7ga2,a
COC(C(=O)N1CCc2nc(C)ncc2C1)C1CCCC1,7g9y,a,7ga2,a
Cc1ncc2c(n1)CCN(S(=O)(=O)CC1CCCCCC1)C2,7g9y,a,7ga2,a
Cc1ncc2c(n1)CCN(C(=O)NC(C)CC1CCCCC1)C2,7g9y,a,7ga2,a
CCCC(NC(=O)N1CCc2nc(C)ncc2C1)C1CCCC1,7g9y,a,7ga2,a
Cc1ncc2c(n1)CCN(C(=O)NCCCCC1CCCC1)C2,7g9y,a,7ga2,a
Cc1ncc2c(n1)CCN(C(=O)C(=O)N(C)CC1CCCC1)C2,7g9y,a,7ga2,a
Cc1ncc2c(n1)CCN(C(=O)C1CCCC1)C2,7g9y,a,7ga2,a
Cc1ncc2c(n1)CCN(C(=O)N1CCCCCC1)C2,7g9y,a,7ga2,a
Cc1ncc2c(n1)CCN(C(=O)C1CCC3CC3CC1)C2,7g9y,a,7ga2,a
Cc1ncc2c(n1)CCN(C(=O)C13CCC(CC1)CC3)C2,7g9y,a,7ga2,a
Cc1ncc2c(n1)CCN(C(=O)C1C=CCC1)C2,7g9y,a,7ga2,a
Cc1ncc2c(n1)CCN(C(=O)N1CC3CC3C1)C2,7g9y,a,7ga2,a
Cc1ncc2c(n1)CCN(C(=O)C1CCCCC1)C2,7g9y,a,7ga2,a
C=C1CCC1C(=O)N1CCc2nc(C)ncc2C1,7g9y,a,7ga2,a
Cc1ncc2c(n1)CCN(C(=O)C1CCC=CCC1)C2,7g9y,a,7ga2,a
Cc1ncc2c(n1)CCN(C(=O)C(N)CC1CCCCC1)C2,7g9y,a,7ga2,a
Cc1ncc2c(n1)CCN(C(=O)NCC1CC3CC3C1)C2,7g9y,a,7ga2,a
Cc1ncc2c(n1)CCN(C(=O)NCC1=CCCCC1)C2,7g9y,a,7ga2,a
Cc1ncc2c(n1)CCN(C(=O)NCC13CCCCC1C3)C2,7g9y,a,7ga2,a
Cc1ncc2c(n1)CCN(C(=O)NCC1CCC3(CC1)CC3)C2,7g9y,a,7ga2,a
Cc1ncc2c(n1)CCN(CC1CCSCC1)C2,7g9y,a,7ga2,a
Cc1ncc2c(n1)CCN(CC1CCCCCC1)C2,7g9y,a,7ga2,a
Cc1ncc2c(n1)CCN(CCOCC1CCC1)C2,7g9y,a,7ga2,a
COC(CN1CCc2nc(C)ncc2C1)C1CCC1,7g9y,a,7ga2,a
Cc1ncc2c(n1)CCN(c1ccc(C3CCC3)cn1)C2,7g9y,a,7ga2,a
Cc1ncc2c(n1)CCN(C(=O)NC(C)C1CCCC1)C2,7g9y,a,7ga2,a
Cc1ncc2c(n1)CCN(C(=O)NC(C)C13CCC(CC1)C3)C2,7g9y,a,7ga2,a
Cc1ncc2c(n1)CCN(C(=O)CC1CCCC1)C2,7g9y,a,7ga2,a
Cc1ncc2c(n1)CCN(C(=O)CC1CCC3(CC1)CC3)C2,7g9y,a,7ga2,a
Cc1ncc2c(n1)CCN(C(=O)CC1CCCCC1)C2,7g9y,a,7ga2,a
Cc1ncc2c(n1)CCN(C(=O)CN1CC3CC3C1)C2,7g9y,a,7ga2,a
Cc1ncc2c(n1)CCN(C(=O)CN1CCCCC1)C2,7g9y,a,7ga2,a
Cc1nc2c(c(N(C)CCC3CCC3)n1)CNCC2,7g9y,a,7ga2,a
Cc1ncc2c(n1)CCN(C(=O)C(N)C1CC=CCC1)C2,7g9y,a,7ga2,a
Cc1ncc2c(n1)CCN(C(=O)C(=O)NC1CCCCC1)C2,7g9y,a,7ga2,a
Cc1ncc2c(n1)CCN(C(=O)C(=O)NC1CCSC1)C2,7g9y,a,7ga2,a
Cc1ncc2c(n1)CCN(C(=O)C(=O)NC1CC=CCC1)C2,7g9y,a,7ga2,a
Cc1ncc2c(n1)CCN(C(=O)NCCCC1C=CCC1)C2,7g9y,a,7ga2,a
Cc1ncc2c(n1)CCN(C(=O)NCCCC1CCCC1)C2,7g9y,a,7ga2,a
CCC(NC(=O)N1CCc2nc(C)ncc2C1)C1CCCC1,7g9y,a,7ga2,a
CCC(NC(=O)N1CCc2nc(C)ncc2C1)C1CCCCC1,7g9y,a,7ga2,a
Cc1nc2c(c(NCC3CCCCC3)n1)CNCC2,7g9y,a,7ga2,a
Cc1nc2c(c(N(C)C3CCCC3)n1)CNCC2,7g9y,a,7ga2,a
Cc1nc2c(c(N(C)C3CCCCC3)n1)CNCC2,7g9y,a,7ga2,a
Cc1nc2c(c(NCC3CCC3)n1)CNCC2,7g9y,a,7ga2,a
Cc1nc2c(c(NCC3CCCC3)n1)CNCC2,7g9y,a,7ga2,a
Cc1nc2c(c(N(C)C3CCC3)n1)CNCC2,7g9y,a,7ga2,a
Cc1ncc2c(n1)CCN(C(=O)NC(C(C)C)C1CCC1)C2,7g9y,a,7ga2,a
Cc1ncc2c(n1)CCN(C(=O)C(=O)NCC1CCCS1)C2,7g9y,a,7ga2,a
Cc1nc2c(c(NC3CCC3)n1)CNCC2,7g9y,a,7ga2,a
Cc1nc2c(c(NC3CCCCCC3)n1)CNCC2,7g9y,a,7ga2,a
Cc1nc2c(c(NC3CCCC3)n1)CNCC2,7g9y,a,7ga2,a
Cc1nc2c(c(NC3CCCCC3)n1)CNCC2,7g9y,a,7ga2,a
Cc1ncc2c(n1)CCN(CC(=O)N1CCCCC1)C2,7g9y,a,7ga2,a
Cc1ncc2c(n1)CCN(C(=O)CCC1CCCCC1)C2,7g9y,a,7ga2,a
Cc1ncc2c(n1)CCN(C(=O)CCC1CCC1)C2,7g9y,a,7ga2,a
Cc1ncc2c(n1)CCN(C(=O)C(=O)NC(C)C1CCC1)C2,7g9y,a,7ga2,a
Cc1nc(CN2CCC2)nc2c1CNCC2,7g9y,a,7ga2,a
Cc1nc(CC2CCC2)nc2c1CNCC2,7g9y,a,7ga2,a
Cc1ncc2c(n1)CCN(c1nc(C3CCC3)no1)C2,7g9y,a,7ga2,a
Cc1nc2c(c(N(C)CC3CCCC3)n1)CNCC2,7g9y,a,7ga2,a
Cc1nc2c(c(N(C)CC3CCC3)n1)CNCC2,7g9y,a,7ga2,a
Cc1ncc2c(n1)CCN(C(=O)C(O)C1CCCCCCC1)C2,7g9y,a,7ga2,a
Cc1ncc2c(n1)CCN(C(=O)C(O)C1CCCCCC1)C2,7g9y,a,7ga2,a
Cc1ncc2c(n1)CCN(CCC1=CCCCC1)C2,7g9y,a,7ga2,a
Cc1ncc2c(n1)CCN(CCC(=O)NC1CCCC1)C2,7g9y,a,7ga2,a
Cc1ncc2c(n1)CCN(C(=O)C(F)=CC1CCCCC1)C2,7g9y,a,7ga2,a
Cc1ncc2c(n1)CCN(S(=O)(=O)CCOC1CCC1)C2,7g9y,a,7ga2,a
CC(=O)NC(CC1CCC1)C(=O)N1CCc2nc(C)ncc2C1,7g9y,a,7ga2,a
c1nc(C2CCNC2)nc2c1CNCC2,7g9y,a,7ga2,a
c1nc(C2CCCNC2)nc2c1CNCC2,7g9y,a,7ga2,a
c1nc(N2CCNCC2)nc2c1CNCC2,7g9y,a,7ga2,a
c1nc(C2CCNCC2)nc2c1CNCC2,7g9y,a,7ga2,a
c1nc2c(c(N3CCNCC3)n1)CNCC2,7g9y,a,7ga2,a
c1ncc2c(n1)CCN(C1CCCNC1)C2,7g9y,a,7ga2,a
Cc1nc2c(c(N3CCNCC3)n1)CNCC2,7g9y,a,7ga2,a
Cc1ncc2c(n1)CCN(C1CCNC1)C2,7g9y,a,7ga2,a
Cc1ncc2c(n1)CCN(CCCC1CCNCC1)C2,7g9y,a,7ga2,a
Cc1ncc2c(n1)CCN(C(=O)C1CSCN1)C2,7g9y,a,7ga2,a
Cc1ncc2c(n1)CCN(C(=O)C1CC=CCN1)C2,7g9y,a,7ga2,a
Cc1ncc2c(n1)CCN(C(=O)C1CCCCCN1)C2,7g9y,a,7ga2,a
Cc1ncc2c(n1)CCN(C(=O)C1CCNC3(CC3)C1)C2,7g9y,a,7ga2,a
Cc1ncc2c(n1)CCN(C(=O)C13CCCN(CC1)C3)C2,7g9y,a,7ga2,a
Cc1ncc2c(n1)CCN(C(=O)C13CCNCCC1C3)C2,7g9y,a,7ga2,a
Cc1ncc2c(n1)CCN(C(=O)NCC1CCNCC1)C2,7g9y,a,7ga2,a
Cc1ncc2c(n1)CCN(C(=O)C(F)(F)C1CCNCC1)C2,7g9y,a,7ga2,a
Cc1ncc2c(n1)CCN(S(=O)(=O)N(C)C1CCNCC1)C2,7g9y,a,7ga2,a
Cc1ncc2c(n1)CCN(C(=O)CCOC1CCNCC1)C2,7g9y,a,7ga2,a
Cc1ncc2c(n1)CCN(CC1CCCCNC1)C2,7g9y,a,7ga2,a
Cc1ncc2c(n1)CCN(CC13CNCC1C3)C2,7g9y,a,7ga2,a
Cc1ncc2c(n1)CCN(C(=O)CC1CCCNC1)C2,7g9y,a,7ga2,a
Cc1ncc2c(n1)CCN(C(=O)CC1CSCCN1)C2,7g9y,a,7ga2,a
Cc1ncc2c(n1)CCN(C1CCN(C3CCNCC3)C1=O)C2,7g9y,a,7ga2,a
Cc1ncc2c(n1)CCN(C(=O)C(=O)NCC1CCCNC1)C2,7g9y,a,7ga2,a
Cc1ncc2c(n1)CCN(C(=O)CCC1CCCNC1)C2,7g9y,a,7ga2,a
Cc1ncc2c(n1)CCN(C(=O)C(C)C1CCNC1)C2,7g9y,a,7ga2,a
Cc1ncc2c(n1)CCN(C(=O)COC1CCNC1)C2,7g9y,a,7ga2,a
Cc1ncc2c(n1)CCN(C(=O)COC1CCNCC1)C2,7g9y,a,7ga2,a
Cc1ncc2c(n1)CCN(C(=O)C=CC1CCNCC1)C2,7g9y,a,7ga2,a
C=C(C(=O)N1CCc2nc(C)ncc2C1)C1CCNCC1,7g9y,a,7ga2,a
Clc1nc2c(c(N3CCNCC3)n1)CNCC2,7g9y,a,7ga2,a
O=C(NC1CCNC1)N1CCc2ncncc2C1,7g9y,a,7ga2,a
O=C(NC1CCNCC1)N1CCc2ncncc2C1,7g9y,a,7ga2,a
COc1ncnc2c1CN(C(=O)NC1CCNC1)CC2,7g9y,a,7ga2,a
COc1ncnc2c1CN(C(=O)NC1CCCNC1)CC2,7g9y,a,7ga2,a
CC(C)(C)c1ncc2c(n1)CCN(C(=O)NC1CCNCC1)C2,7g9y,a,7ga2,a
CN(C)c1ncc2c(n1)CCN(C(=O)NC1CCNCC1)C2,7g9y,a,7ga2,a
O=C(NC1CCNCC1)N1CCc2nc(C3CC3)ncc2C1,7g9y,a,7ga2,a
O=C(NC1CCCNC1)N1CCc2nc(C3CC3)ncc2C1,7g9y,a,7ga2,a
COCc1ncc2c(n1)CCN(C(=O)NC1CCNCC1)C2,7g9y,a,7ga2,a
COCc1ncc2c(n1)CCN(C(=O)NC1CCCNC1)C2,7g9y,a,7ga2,a
CC(C)c1ncc2c(n1)CCN(C(=O)NC1CCNC1)C2,7g9y,a,7ga2,a
CC(C)c1ncc2c(n1)CCN(C(=O)NC1CCCNC1)C2,7g9y,a,7ga2,a
Nc1nc2c(c(N3CCNCC3)n1)CNCC2,7g9y,a,7ga2,a
Nc1ncc2c(n1)CCN(C(=O)CN1CCNCC1)C2,7g9y,a,7ga2,a
Nc1ncc2c(n1)CCN(C(=O)CC1CCCNC1)C2,7g9y,a,7ga2,a
Nc1ncc2c(n1)CCN(C(=O)CC1CCCCN1)C2,7g9y,a,7ga2,a
Nc1ncc2c(n1)CCN(C(=O)CC1CCNC3(CC3)C1)C2,7g9y,a,7ga2,a
Nc1ncc2c(n1)CCN(C(=O)CC1CCNCC1)C2,7g9y,a,7ga2,a
Nc1ncc2c(n1)CCN(C(=O)CC1CCNC1)C2,7g9y,a,7ga2,a
CC(CC(=O)N1CCc2nc(N)ncc2C1)C1CCNCC1,7g9y,a,7ga2,a
Nc1ncc2c(n1)CCN(C(=O)COC1CNC1)C2,7g9y,a,7ga2,a
Nc1ncc2c(n1)CCN(C(=O)C1CCCCNC1)C2,7g9y,a,7ga2,a
Nc1ncc2c(n1)CCN(C(=O)C13CCCC(CC1)N3)C2,7g9y,a,7ga2,a
Nc1ncc2c(n1)CCN(C(=O)C#CC1CCNCC1)C2,7g9y,a,7ga2,a
O=C(NC1CCCNCC1)C(=O)N1CCc2ncncc2C1,7g9y,a,7ga2,a
COc1ncnc2c1CN(C(=O)C(=O)NC1CCNC1)CC2,7g9y,a,7ga2,a
COc1nc2c(c(N3CCNCC3)n1)CNCC2,7g9y,a,7ga2,a
O=C(CC1CCNC1)N1CCC(c2ncc3c(n2)CCNC3)CC1,7g9y,a,7ga2,a
O=C(C1CCCNC1)N1CCC(c2ncc3c(n2)CCNC3)CC1,7g9y,a,7ga2,a
O=C(C1CCCNC1)N1CCC(c2ncc3c(n2)CCNC3)CC1,7g9y,a,7ga2,a
Cc1ncc2c(n1)CCN(CCCC1CCNCC1)C2,7g9y,a,7ga2,a
CN(C)c1ncc2c(n1)CCN(CCCC1CCNCC1)C2,7g9y,a,7ga2,a
FC(F)(F)c1ncc2c(n1)CCN(CCCN1CCNCC1)C2,7g9y,a,7ga2,a
COc1nc(N2CCNCC2)nc2c1CNCC2,7g9y,a,7ga2,a
COc1nc(C2CCNC2)nc2c1CNCC2,7g9y,a,7ga2,a
COc1ncnc2c1CN(S(=O)(=O)N1CCNCC1)CC2,7g9y,a,7ga2,a
COc1ncnc2c1CN(C(=O)C1CCCNC1)CC2,7g9y,a,7ga2,a
COc1ncnc2c1CN(C(=O)C1CCCCN1)CC2,7g9y,a,7ga2,a
COc1ncnc2c1CN(C(=O)C13CCCN1CCC3)CC2,7g9y,a,7ga2,a
COc1ncnc2c1CN(C(=O)C=CC1CCNCC1)CC2,7g9y,a,7ga2,a
COc1ncnc2c1CN(C(=O)C(O)C1CCCCN1)CC2,7g9y,a,7ga2,a
COc1ncnc2c1CN(C(=O)C(F)C1CCCNCC1)CC2,7g9y,a,7ga2,a
COc1ncnc2c1CN(CC(O)C1CCCNC1)CC2,7g9y,a,7ga2,a
COc1ncnc2c1CN(C(=O)NCC1CCCCCN1)CC2,7g9y,a,7ga2,a
COc1ncnc2c1CN(C(=O)NCC1CCNC1)CC2,7g9y,a,7ga2,a
COc1ncnc2c1CN(C(=O)NC1CCNC1)CC2,7g9y,a,7ga2,a
COc1ncnc2c1CN(C(=O)NC1CCCNC1)CC2,7g9y,a,7ga2,a
COc1ncnc2c1CN(C(=O)C(=O)NC1CCNC1)CC2,7g9y,a,7ga2,a
COc1ncnc2c1CN(C(=O)C(C)(C)C1CCNCC1)CC2,7g9y,a,7ga2,a
COc1ncnc2c1CN(C(=O)C(C)(C)C1CCCNC1)CC2,7g9y,a,7ga2,a
COc1ncnc2c1CN(S(=O)(=O)CC13CCN(CC1)CC3)CC2,7g9y,a,7ga2,a
COc1ncnc2c1CN(C(=O)NCCN1CCNCC1)CC2,7g9y,a,7ga2,a
COc1ncnc2c1CN(C(=O)NCCC1CCNC1)CC2,7g9y,a,7ga2,a
C1CN(c2nc(C3CC3)nc3c2CNCC3)CCN1,7g9y,a,7ga2,a
O=C(CCC1CCCCN1)N1CCc2nc(C3CC3)ncc2C1,7g9y,a,7ga2,a
O=C(CCC1CCCNC1)N1CCc2nc(C3CC3)ncc2C1,7g9y,a,7ga2,a
O=C(COC1CCCNC1)N1CCc2nc(C3CC3)ncc2C1,7g9y,a,7ga2,a
O=C(NC1CCNCC1)N1CCc2nc(C3CC3)ncc2C1,7g9y,a,7ga2,a
O=C(NC1CCCNC1)N1CCc2nc(C3CC3)ncc2C1,7g9y,a,7ga2,a
c1nc(C2CC2)nc2c1CN(CCC1CCNC1)CC2,7g9y,a,7ga2,a
O=C(NCC1CCCCN1)N1CCc2nc(C3CC3)ncc2C1,7g9y,a,7ga2,a
O=C(NCC1CCNCC1)N1CCc2nc(C3CC3)ncc2C1,7g9y,a,7ga2,a
O=C(NCC1CCNC1)N1CCc2nc(C3CC3)ncc2C1,7g9y,a,7ga2,a
O=C(NCC1CCCNC1)N1CCc2nc(C3CC3)ncc2C1,7g9y,a,7ga2,a
O=C(C1CCN1)N1CCc2nc(C3CC3)ncc2C1,7g9y,a,7ga2,a
O=C(C1CCCCN1)N1CCc2nc(C3CC3)ncc2C1,7g9y,a,7ga2,a
O=C(C1=CCNC1)N1CCc2nc(C3CC3)ncc2C1,7g9y,a,7ga2,a
CC(C)(C(=O)N1CCc2nc(C3CC3)ncc2C1)C1=CCNC1,7g9y,a,7ga2,a
c1nc(N2CCCC2)nc2c1CNC2,7ga2,a,7g9y,a
c1nc(C2CCNC2)nc2c1CNC2,7ga2,a,7g9y,a
c1nc(CN2CCCC2)nc2c1CNC2,7ga2,a,7g9y,a
CN1CCCC1c1ncc2c(n1)CNC2,7ga2,a,7g9y,a
CN1CCC(c2ncc3c(n2)CNC3)C1,7ga2,a,7g9y,a
CC(C)(C)OC(=O)N1CCC(c2ncc3c(n2)CNC3)C1,7ga2,a,7g9y,a
O=S1(=O)CC(c2ncc3c(n2)CNC3)C1,7ga3,a,7g9y,a
O=S1(=O)CC(n2cccc2)C1,7ga3,a,7ga1,a
CCN(C(=O)CC1CS(=O)(=O)C1)C(C)C(O)c1ccccc1,7ga3,a,7ga1,a
O=C(NCC1CS(=O)(=O)C1)OCc1ccccc1,7ga3,a,7ga1,a
CC1(CNC(=O)OCc2ccccc2)CS(=O)(=O)C1,7ga3,a,7ga1,a
CC(C)CN(CCc1ccccc1)C(=O)C(N)C1CS(=O)(=O)C1,7ga3,a,7ga1,a
NNC(CCOCc1ccccc1)CC1CS(=O)(=O)C1,7ga3,a,7ga1,a
CC1(CC(CCOCc2ccccc2)NN)CS(=O)(=O)C1,7ga3,a,7ga1,a
CC(C)CC(CNCC1CCS1(=O)=O)c1ccccc1,7ga3,a,7ga1,a
O=S1(=O)CC(NS(=O)(=O)NCc2ccccc2)C1,7ga3,a,7ga1,a
CCC(CNC(=O)Cc1cccs1)NC(=O)C1CS(=O)(=O)C1,7ga3,a,7ga1,a
CCC(CNC(=O)Cc1ccccc1)NC(=O)C1CS(=O)(=O)C1,7ga3,a,7ga1,a
CCC(CNC(=O)Cc1ccco1)NC(=O)C1(C)CS(=O)(=O)C1,7ga3,a,7ga1,a
CNC(=O)C(NS(=O)(=O)CC1CS(=O)(=O)C1)c1ccccc1,7ga3,a,7ga1,a
O=C(NC1(CCO)CS(=O)(=O)C1)C(O)Cc1ccccc1,7ga3,a,7ga1,a
CC(Oc1ccccc1)C(=O)NC1(CCO)CS(=O)(=O)C1,7ga3,a,7ga1,a
CN(C)CCN(Cc1ccccc1)CC1CS(=O)(=O)C1,7ga3,a,7ga1,a
CN(C)CCN(Cc1ccccc1)CC1(C)CS(=O)(=O)C1,7ga3,a,7ga1,a
CN(CCN(Cc1ccccc1)CC1CS(=O)(=O)C1)Cc1ccccc1,7ga3,a,7ga1,a
CN(CCN(Cc1ccccc1)CC1CS(=O)(=O)C1)Cc1ccccc1,7ga3,a,7ga1,a
O=C(NCC(CO)NC(=O)C1CS(=O)(=O)C1)c1cccs1,7ga3,a,7ga1,a
O=C(NCC(CO)NC(=O)C1CS(=O)(=O)C1)c1ccoc1,7ga3,a,7ga1,a
O=C(NCC(CO)NC(=O)C1CS(=O)(=O)C1)c1ccccc1,7ga3,a,7ga1,a
COC1(C(=O)NC(CO)CNC(=O)c2cccs2)CS(=O)(=O)C1,7ga3,a,7ga1,a
CC(c1ccccc1)C(O)CNC(=O)NCCC1CS(=O)(=O)C1,7ga3,a,7ga1,a
CC(OCc1ccccc1)C(N)CNC1(C)CS(=O)(=O)C1,7ga3,a,7ga1,a
C=CCCCC(NC(=O)NCC1CS(=O)(=O)C1)c1ccccc1,7ga3,a,7ga1,a
CC(NCCCN(C)Cc1ccccc1)C1CS(=O)(=O)C1,7ga3,a,7ga1,a
CC(NCCCN(Cc1ccccc1)Cc1ccccc1)C1CS(=O)(=O)C1,7ga3,a,7ga1,a
CC(NCCCN(Cc1ccccc1)Cc1ccccc1)C1CS(=O)(=O)C1,7ga3,a,7ga1,a
CC(COc1ccccc1)(NC(=O)CC1CS(=O)(=O)C1)C(N)=O,7ga3,a,7ga1,a
O=C(NCCC1CS(=O)(=O)C1)NCCS(=O)(=O)c1cccs1,7ga3,a,7ga1,a
CC(C)(C(=O)N1CC(C2CS(=O)(=O)C2)C1)c1ccccc1,7ga3,a,7ga1,a
COC1(C(=O)OCC(C)OCCc2ccccc2)CS(=O)(=O)C1,7ga3,a,7ga1,a
CNC(CC(C)COCc1ccccc1)C1CS(=O)(=O)C1,7ga3,a,7ga1,a
CNC(CC(C)COCc1ccccc1)C1(O)CS(=O)(=O)C1,7ga3,a,7ga1,a
COCCN(C(=O)CC1CS(=O)(=O)C1)C(C)c1ccccc1,7ga3,a,7ga1,a
O=C(CC1CS(=O)(=O)C1)NCCN(CCO)C(=O)c1ccco1,7ga3,a,7ga1,a
O=C(NC(CCc1ccccc1)C(F)F)C1CCS1(=O)=O,7ga3,a,7ga1,a
CCC(NS(=O)(=O)C1CS(=O)(=O)C1)c1cccs1,7ga3,a,7ga1,a
O=S1(=O)CC(S(=O)(=O)NCCCc2cnn(-c3ccccc3)c2)C1,7ga3,a,7ga1,a
CC(C)(CO)C(CNC(=O)CC1CS(=O)(=O)C1)c1ccccc1,7ga3,a,7ga1,a
O=S1(=O)CC(NOCc2ccccc2)C1,7ga3,a,7ga1,a
CC(NCCCc1nc(-c2cccs2)no1)C1CS(=O)(=O)C1,7ga3,a,7ga1,a
CC(C)C(CNC(=O)CC1CS(=O)(=O)C1)NC(=O)c1ccco1,7ga3,a,7ga1,a
CC(C)C(CNC(=O)CC1CS(=O)(=O)C1)NC(=O)c1cccs1,7ga3,a,7ga1,a
O=C(CNCC1CS(=O)(=O)C1)NCc1ccccc1,7ga3,a,7ga1,a
CC1(CNCC(=O)NCc2ccccc2)CS(=O)(=O)C1,7ga3,a,7ga1,a
CCCNC(CCOCc1ccccc1)CC1CS(=O)(=O)C1,7ga3,a,7ga1,a
CCC(c1ccccc1)N(CC)C(=O)NCC1(C)CS(=O)(=O)C1,7ga3,a,7ga1,a
CC(C)C(CCc1ccccc1)C(=O)NCC1(C)CS(=O)(=O)C1,7ga3,a,7ga1,a
CC(CCN)N(Cc1ccccc1)CC1CS(=O)(=O)C1,7ga3,a,7ga1,a
CC(CCN)N(Cc1ccccc1)CC1(C)CS(=O)(=O)C1,7ga3,a,7ga1,a
CC(C)(C)CN(C(=O)NCC1CS(=O)(=O)C1)c1ccccc1,7ga3,a,7ga1,a
CC(C)(CNC(=O)NCC1CS(=O)(=O)C1)Cc1ccccc1,7ga3,a,7ga1,a
CC(NCCN(OCc1ccccc1)C(=O)OC(C)(C)C)C1CS(=O)(=O)C1,7ga3,a,7ga1,a
CCC(CC)C(NS(=O)(=O)CC1(C)CS(=O)(=O)C1)c1cccs1,7ga3,a,7ga1,a
CC(COCc1ccccc1)NCC1CCS1(=O)=O,7ga3,a,7ga1,a
CC(CN(C)C(=O)c1ccco1)NC(=O)CC1CS(=O)(=O)C1,7ga3,a,7ga1,a
CC(CN(C)C(=O)c1cccs1)NC(=O)CC1CS(=O)(=O)C1,7ga3,a,7ga1,a
CC(CN(C)C(=O)c1ccccc1)NC(=O)CC1CS(=O)(=O)C1,7ga3,a,7ga1,a
CC(C)(C)OC(=O)N(CCCC(O)CC1CS(=O)(=O)C1)Cc1ccccc1,7ga3,a,7ga1,a
CC1(CC(O)CCCN(Cc2ccccc2)C(=O)OC(C)(C)C)CS(=O)(=O)C1,7ga3,a,7ga1,a
NCCCN(Cc1ccccc1)C(=O)CC1CS(=O)(=O)C1,7ga3,a,7ga1,a
CC(C)(CC(=O)NCC1CCS1(=O)=O)CC(=O)c1ccccc1,7ga3,a,7ga1,a
CC(CCNC(=O)C1CS(=O)(=O)C1)NCc1ccccc1,7ga3,a,7ga1,a
CC(C)C(N)C(NC(=O)C1CS(=O)(=O)C1)c1ccccc1,7ga3,a,7ga1,a
CN(C(=O)C1CS(=O)(=O)C1)C(CCc1ccccc1)C(F)F,7ga3,a,7ga1,a
CC1(C(=O)OCCC=Cc2ccccc2)CS(=O)(=O)C1,7ga3,a,7ga1,a
COC1(C(=O)OCCC=Cc2ccccc2)CS(=O)(=O)C1,7ga3,a,7ga1,a
CC(NC(=O)C[S+]([O-])CC1(C)CS(=O)(=O)C1)c1cccs1,7ga3,a,7ga1,a
CCCN(Cc1ccccc1)C(=O)NCC1CCS1(=O)=O,7ga3,a,7ga1,a
O=S1(=O)CCC1CNc1nc2c(s1)CC(c1ccccc1)CC2,7ga3,a,7ga1,a
CC(C)C(Cc1ccccc1)NC(=O)NC1(C)CS(=O)(=O)C1,7ga3,a,7ga1,a
COC(=O)C(Cc1ccco1)C(=O)OCC1CS(=O)(=O)C1,7ga3,a,7ga1,a
CC(NC(=O)NCC(C)(O)c1cccs1)C1CS(=O)(=O)C1,7ga3,a,7ga1,a
CC(NC(=O)NCC(C)(O)c1ccccc1)C1CS(=O)(=O)C1,7ga3,a,7ga1,a
O=C(Cc1cccs1)NCC(CO)NC(=O)CC1CS(=O)(=O)C1,7ga3,a,7ga1,a
O=C(Cc1ccoc1)NCC(CO)NC(=O)CC1CS(=O)(=O)C1,7ga3,a,7ga1,a
CN(Cc1ccccc1)CC(N)C(=O)NCC1CS(=O)(=O)C1,7ga3,a,7ga1,a
CCCc1nc(C2CCS2(=O)=O)n(-c2ccccc2)n1,7ga3,a,7ga1,a
CCCn1nc(-c2cccs2)nc1C1CS(=O)(=O)C1,7ga3,a,7ga1,a
CC(C)c1nc(C2CCS2(=O)=O)n(-c2ccccc2)n1,7ga3,a,7ga1,a
O=C1CCN(CCCc2ccco2)C(=O)C(C2CS(=O)(=O)C2)N1,7ga3,a,7ga1,a
CCCC(C)(NC(=O)NC(C)C1CS(=O)(=O)C1)c1ccccc1,7ga3,a,7ga1,a
CN(CCNC(=O)C1CS(=O)(=O)C1)C(=O)c1ccco1,7ga3,a,7ga1,a
CN(CCNC(=O)C1CS(=O)(=O)C1)C(=O)c1cccs1,7ga3,a,7ga1,a
CN(CCNC(=O)C1CS(=O)(=O)C1)C(=O)c1cc2n(c1)CCC2,7ga3,a,7ga1,a
CN(CCNC(=O)C1CS(=O)(=O)C1)C(=O)c1ccc2c(c1)CC2,7ga3,a,7ga1,a
CN(CCNC(=O)C1CS(=O)(=O)C1)C(=O)c1ccoc1,7ga3,a,7ga1,a
CN(CCNC(=O)C1CS(=O)(=O)C1)C(=O)c1ccccc1,7ga3,a,7ga1,a
COC1(C(=O)NCCN(C)C(=O)c2cccs2)CS(=O)(=O)C1,7ga3,a,7ga1,a
CN(C(=O)c1ccco1)C(CNC(=O)C1CS(=O)(=O)C1)C1CC1,7ga3,a,7ga1,a
CC(NCC(O)(c1ccccc1)C(C)C)C1CS(=O)(=O)C1,7ga3,a,7ga1,a
C=CCC(CNC(=O)NCC1CCS1(=O)=O)c1ccccc1,7ga3,a,7ga1,a
CC(C)(C)OC(=O)NC(Cc1ccco1)C(=O)NC1CS(=O)(=O)C1,7ga3,a,7ga1,a
CN(C(=O)C1CS(=O)(=O)C1)C(CO)Cc1ccccc1,7ga3,a,7ga1,a
CC(CO)N(Cc1ccccc1)C(=O)C1CS(=O)(=O)C1,7ga3,a,7ga1,a
CC(CO)N(Cc1ccccc1)C(=O)C1(C)CS(=O)(=O)C1,7ga3,a,7ga1,a
CC(Cc1ccccc1)(NC(=O)CC1CS(=O)(=O)C1)C(=O)O,7ga3,a,7ga1,a
CCCCC(CNC(=O)c1ccco1)NC(=O)C1CS(=O)(=O)C1,7ga3,a,7ga1,a
c1coc(-c2ncc3c(n2)CCNC3)c1,7g9y,a,7ga1,a
c1csc(-c2ncnc3c2CNCC3)c1,7g9y,a,7ga1,a
c1coc(-c2ncnc3c2CNCC3)c1,7g9y,a,7ga1,a
c1ccc(-c2ncc3c(n2)CCNC3)cc1,7g9y,a,7ga1,a
c1csc(-c2ncc3c(n2)CCNC3)c1,7g9y,a,7ga1,a
c1ccc(-c2ncnc3c2CNCC3)cc1,7g9y,a,7ga1,a
c1cc(-c2ncc3c(n2)CCNC3)co1,7g9y,a,7ga1,a
Cc1nc2c(c(-c3ccco3)n1)CNCC2,7g9y,a,7ga1,a
Cc1nc2c(c(-c3cccs3)n1)CNCC2,7g9y,a,7ga1,a
c1csc(Cc2ncc3c(n2)CCNC3)c1,7g9y,a,7ga1,a
Cc1ncc2c(n1)CCN(C(=O)CC(N)Cc1ccccc1)C2,7g9y,a,7ga1,a
Cc1ncc2c(n1)CCN(C(=O)C(C)Sc1ccccc1)C2,7g9y,a,7ga1,a
Cc1ncc2c(n1)CCN(CC(=O)NCc1ccco1)C2,7g9y,a,7ga1,a
Cc1ncc2c(n1)CCN(C(=O)OCc1ccccc1)C2,7g9y,a,7ga1,a
Cc1ncc2c(n1)CCN(C(=O)CSCCc1ccccc1)C2,7g9y,a,7ga1,a
CCCC(CN1CCc2nc(C)ncc2C1)c1ccccc1,7g9y,a,7ga1,a
N#Cc1nc(Cc2ccccc2)nc2c1CNCC2,7g9y,a,7ga1,a
Cc1ncc2c(n1)CCN(C(=O)NOCc1ccccc1)C2,7g9y,a,7ga1,a
CC(=CC(=O)N1CCc2nc(C)ncc2C1)c1ccccc1,7g9y,a,7ga1,a
Cc1ncc2c(n1)CCN(C(=O)C(C)CSc1ccccc1)C2,7g9y,a,7ga1,a
COC(C(=O)N1CCc2nc(C)ncc2C1)c1ccccc1,7g9y,a,7ga1,a
Cc1ncc2c(n1)CCN(C(=O)NC(C)Cc1ccco1)C2,7g9y,a,7ga1,a
Cc1ncc2c(n1)CCN(C(=O)NC(C)Cc1ccoc1)C2,7g9y,a,7ga1,a
CC(=Cc1cccs1)C(=O)N1CCc2nc(C)ncc2C1,7g9y,a,7ga1,a
CC(=Cc1ccco1)C(=O)N1CCc2nc(C)ncc2C1,7g9y,a,7ga1,a
CC(=Cc1ccccc1)C(=O)N1CCc2nc(C)ncc2C1,7g9y,a,7ga1,a
Cc1ncc2c(n1)CCN(CC(=O)NCCc1ccccc1)C2,7g9y,a,7ga1,a
Cc1ncc2c(n1)CCN(C(=O)C(C)(C)Cc1ccccc1)C2,7g9y,a,7ga1,a
Cc1ncc2c(n1)CCN(C(=O)NCCC(C)c1ccccc1)C2,7g9y,a,7ga1,a
C=C(CNC(=O)N1CCc2nc(C)ncc2C1)c1ccccc1,7g9y,a,7ga1,a
Cc1ncc2c(n1)CCN(C(=O)c1ccc3c(c1)C=CCC3)C2,7g9y,a,7ga1,a
Cc1ncc2c(n1)CCN(C(=O)c1ccccc1)C2,7g9y,a,7ga1,a
Cc1ncc2c(n1)CCN(C(=O)c1ccc3c(c1)CC3)C2,7g9y,a,7ga1,a
Cc1ncc2c(n1)CCN(C(=O)c1coc3c1CSC3)C2,7g9y,a,7ga1,a
Cc1ncc2c(n1)CCN(C(=O)c1ccn3c1CSCC3)C2,7g9y,a,7ga1,a
Cc1ncc2c(n1)CCN(CC(O)COCc1ccccc1)C2,7g9y,a,7ga1,a
Brc1nc(Cc2ccccc2)nc2c1CNCC2,7g9y,a,7ga1,a
COC(=O)C(c1ccccc1)N1CCc2nc(C)ncc2C1,7g9y,a,7ga1,a
Cc1ncc2c(n1)CCN(C(=O)CC(O)c1ccccc1)C2,7g9y,a,7ga1,a
Cc1ncc2c(n1)CCN(CCS(=O)(=O)c1ccccc1)C2,7g9y,a,7ga1,a
Cc1ncc2c(n1)CCN(C(=O)CCCNC(=O)c1ccco1)C2,7g9y,a,7ga1,a
Cc1ncc2c(n1)CCN(Cc1ccccc1)C2,7g9y,a,7ga1,a
C=CC(CC(=O)N1CCc2nc(C)ncc2C1)c1ccccc1,7g9y,a,7ga1,a
Cc1ncc2c(n1)CCN(C(=O)C(N)CCc1ccccc1)C2,7g9y,a,7ga1,a
Cc1ncc2c(n1)CCN(C(=O)C(N)C(C)c1ccccc1)C2,7g9y,a,7ga1,a
Cc1ncc2c(n1)CCN(CC(N)Cc1ccccc1)C2,7g9y,a,7ga1,a
Cc1ncc2c(n1)CCN(C(=O)CNC(=O)c1ccccc1)C2,7g9y,a,7ga1,a
Cc1ncc2c(n1)CCN(C(=O)CNC(=O)c1ccco1)C2,7g9y,a,7ga1,a
Cc1ncc2c(n1)CCN(C(=O)NCC#Cc1ccccc1)C2,7g9y,a,7ga1,a
Cc1ncc2c(n1)CCN(C(=O)NCCCSc1ccccc1)C2,7g9y,a,7ga1,a
Cc1ncc2c(n1)CCN(C(=O)NC(C)c1ccccc1)C2,7g9y,a,7ga1,a
Cc1ncc2c(n1)CCN(C(=O)NC(C)c1ccco1)C2,7g9y,a,7ga1,a
Cc1ncc2c(n1)CCN(C(=O)NC(C)c1ccoc1)C2,7g9y,a,7ga1,a
Cc1ncc2c(n1)CCN(CC(C)(C)OCc1ccccc1)C2,7g9y,a,7ga1,a
Cc1ncc2c(n1)CCN(C(=O)COCCc1cccs1)C2,7g9y,a,7ga1,a
Cc1ncc2c(n1)CCN(C(=O)NCC(C)c1ccccc1)C2,7g9y,a,7ga1,a
Cc1ncc2c(n1)CCN(C(=O)NCCCc1ccccc1)C2,7g9y,a,7ga1,a
Cc1nc2c(c(NCc3ccco3)n1)CNCC2,7g9y,a,7ga1,a
Cc1nc2c(c(NCc3cccs3)n1)CNCC2,7g9y,a,7ga1,a
Cc1nc2c(c(NCc3ccccc3)n1)CNCC2,7g9y,a,7ga1,a
Cc1nc2c(c(N(C)c3cccs3)n1)CNCC2,7g9y,a,7ga1,a
Cc1nc2c(c(N(C)c3ccccc3)n1)CNCC2,7g9y,a,7ga1,a
CNc1nc(Cc2ccccc2)nc2c1CNCC2,7g9y,a,7ga1,a
Cc1ncc2c(n1)CCN(C(=O)C(C)C(N)c1ccccc1)C2,7g9y,a,7ga1,a
COc1nc(Cc2ccccc2)nc2c1CNCC2,7g9y,a,7ga1,a
Cc1ncc2c(n1)CCN(C(=O)NCCSc1ccccc1)C2,7g9y,a,7ga1,a
Cc1ncc2c(n1)CCN(CC(O)Cc1ccccc1)C2,7g9y,a,7ga1,a
Clc1nc(Cc2ccccc2)nc2c1CNCC2,7g9y,a,7ga1,a
Cc1ncc2c(n1)CCN(CCCN(C)Cc1ccccc1)C2,7g9y,a,7ga1,a
Nc1nc(Cc2ccccc2)nc2c1CNCC2,7g9y,a,7ga1,a
Cc1nc2c(c(Nc3ccccc3)n1)CNCC2,7g9y,a,7ga1,a
Cc1ncc2c(n1)CCN(CCOc1ccccc1)C2,7g9y,a,7ga1,a
Cc1ncc2c(n1)CCN(C(=O)C(C)c1ccco1)C2,7g9y,a,7ga1,a
Cc1ncc2c(n1)CCN(C(=O)C(C)c1ccccc1)C2,7g9y,a,7ga1,a
Cc1ncc2c(n1)CCN(C(=O)CCc1cccs1)C2,7g9y,a,7ga1,a
Cc1ncc2c(n1)CCN(C(=O)C(C)c1cccs1)C2,7g9y,a,7ga1,a
Cc1ncc2c(n1)CCN(C(=O)C(=O)NCCc1cccs1)C2,7g9y,a,7ga1,a
Cc1nc(Cc2ccccc2)nc2c1CNCC2,7g9y,a,7ga1,a
Cc1ncc2c(n1)CCN(CCS(=O)(=O)Cc1ccccc1)C2,7g9y,a,7ga1,a
Cc1ncc2c(n1)CCN(C(C)C(=O)NCc1cccs1)C2,7g9y,a,7ga1,a
Cc1nc2c(c(N(C)Cc3ccccc3)n1)CNCC2,7g9y,a,7ga1,a
Cc1ncc2c(n1)CCN(C(=O)CNS(=O)(=O)c1cccs1)C2,7g9y,a,7ga1,a
COC(CNC(=O)N1CCc2nc(C)ncc2C1)c1ccccc1,7g9y,a,7ga1,a
Cc1ncc2c(n1)CCN(CCc1ccccc1)C2,7g9y,a,7ga1,a
CSC(C(=O)N1CCc2nc(C)ncc2C1)c1cccs1,7g9y,a,7ga1,a
Cc1ncc2c(n1)CCN(C(=O)C(O)Cc1ccccc1)C2,7g9y,a,7ga1,a
Cc1ncc2c(n1)CCN(CCSc1ccccc1)C2,7g9y,a,7ga1,a
Cc1ncc2c(n1)CCN(C(=O)N(C)CCc1ccccc1)C2,7g9y,a,7ga1,a
Cc1ncc2c(n1)CCN(CCC(C)c1ccccc1)C2,7g9y,a,7ga1,a
Cc1ncc2c(n1)CCN(CCC(=O)Nc1ccccc1)C2,7g9y,a,7ga1,a
Cc1ncc2c(n1)CCN(C(=O)CN(C)C(=O)c1cccs1)C2,7g9y,a,7ga1,a
Cc1ncc2c(n1)CCN(C(=O)C(=O)NC(C)Cc1ccco1)C2,7g9y,a,7ga1,a
Cc1ncc2c(n1)CCN(C(=O)CC(N)CCc1ccccc1)C2,7g9y,a,7ga1,a
Cc1ncc2c(n1)CCN(CCN(C)c1ccccc1)C2,7g9y,a,7ga1,a
Cc1ncc2c(n1)CCN(C(C(N)=O)c1ccccc1)C2,7g9y,a,7ga1,a
Cc1ncc2c(n1)CCN(C(=O)C(CN)c1ccccc1)C2,7g9y,a,7ga1,a
Cc1ncc2c(n1)CCN(C(=O)CCNc1ccccc1)C2,7g9y,a,7ga1,a
COC(Cc1ccccc1)C(=O)N1CCc2nc(C)ncc2C1,7g9y,a,7ga1,a
Cc1ncc2c(n1)CCN(C(=O)C(=O)c1ccccc1)C2,7g9y,a,7ga1,a
Cc1ncc2c(n1)CCN(C(=O)CCCc1ccccc1)C2,7g9y,a,7ga1,a
O=C1C=COC(c2ccsc2)C1,7ga1,a,7ga3,a
O=C1OCCC1c1ccsc1,7ga1,a,7ga3,a
O=C1CS(=O)(=O)CC1c1cccs1,7ga1,a,7ga3,a
O=C1CCOC1c1ccsc1,7ga1,a,7ga3,a
O=C1OCCC1c1cccs1,7ga1,a,7ga3,a
O=C1COCC1c1ccsc1,7ga1,a,7ga3,a
O=C1COC(c2cccs2)C1,7ga1,a,7ga3,a
O=C1C=COC1c1cccs1,7ga1,a,7ga3,a
O=C1COC(c2ccsc2)C1,7ga1,a,7ga3,a
O=C1CC(=O)CC(c2ccsc2)C1,7ga1,a,7ga3,a
O=C1OC(c2cccs2)=NC1=C(Cl)Cl,7ga1,a,7ga3,a
O=C1CN(c2ccsc2)CC(=O)O1,7ga1,a,7ga3,a
O=C1CCOC1c1cccs1,7ga1,a,7ga3,a
O=C1COCC1c1cccs1,7ga1,a,7ga3,a
O=C1CC(c2cccs2)CCO1,7ga1,a,7ga3,a
O=C1C=C(c2cccs2)C(=O)O1,7ga1,a,7ga3,a
O=C1CCN(c2ccsc2)C1=O,7ga1,a,7ga3,a
O=C1C=COC1c1ccsc1,7ga1,a,7ga3,a
O=C1CCOC(c2ccsc2)C1,7ga1,a,7ga3,a
O=C1CCOC(c2cccs2)C1,7ga1,a,7ga3,a
O=C1CC(c2cccs2)CC(=O)O1,7ga1,a,7ga3,a
O=C1CC(c2cccs2)CO1,7ga1,a,7ga3,a
O=C1CC(c2cccs2)=NO1,7ga1,a,7ga3,a
O=C1C=COC(c2cccs2)C1,7ga1,a,7ga3,a
O=C1CS(=O)(=O)CC1c1ccsc1,7ga1,a,7ga3,a
O=C1CC(=O)CC(c2cccs2)C1,7ga1,a,7ga3,a
O=C1C=CC(=O)N1c1ccsc1,7ga1,a,7ga3,a
O=C1CC(c2ccsc2)CO1,7ga1,a,7ga3,a
O=C1CC(c2ccsc2)=NO1,7ga1,a,7ga3,a
O=C1CCCOC1c1cccs1,7ga1,a,7ga3,a
O=C1C=CC(c2cccs2)O1,7ga1,a,7ga3,a
O=C1CCCOC1c1ccsc1,7ga1,a,7ga3,a
O=C1CC(=O)N(c2ccsc2)C1,7ga1,a,7ga3,a
O=C1CCC(c2ccsc2)O1,7ga1,a,7ga3,a
O=C1CC(c2ccsc2)C(=O)O1,7ga1,a,7ga3,a
O=C(COC(=O)c1ccsc1Cl)NC(=O)NC1CCS(=O)(=O)C1,7ga1,a,7ga3,a
Cc1csc(C(=O)NNC(=O)NCC2CS(=O)(=O)CCO2)c1,7ga1,a,7ga3,a
O=C(NCC1CCCCS1(=O)=O)NNC(=O)c1ccc(Br)s1,7ga1,a,7ga3,a
CN(CCNC(=O)c1cccs1)CCC1CCS(=O)(=O)C1,7ga1,a,7ga3,a
CN(CCNC(=O)c1cccs1)CCN1CCCS1(=O)=O,7ga1,a,7ga3,a
Cc1ccc(C(=O)NCCN(C)CCN2CCCS2(=O)=O)s1,7ga1,a,7ga3,a
Cc1ccc(C(=O)NCCN(C)CCC2CCS(=O)(=O)C2)s1,7ga1,a,7ga3,a
Cc1ccsc1C(=O)NCCN(C)CCN1CCCS1(=O)=O,7ga1,a,7ga3,a
Cc1ccsc1C(=O)NCCN(C)CCC1CCS(=O)(=O)C1,7ga1,a,7ga3,a
O=S1(=O)CCCC(C[S+]([O-])Cc2csc(C(F)(F)F)c2)C1,7ga1,a,7ga3,a
O=S1(=O)CCC(C[S+]([O-])Cc2csc(Cl)c2)C1,7ga1,a,7ga3,a
CC(C)CN(C(=O)COC(=O)c1cscc1Cl)C1CCS(=O)(=O)C1,7ga1,a,7ga3,a
O=C1OCCC1CCCNC(=O)N1CCSCC1c1cccs1,7ga1,a,7ga3,a
CC(CNC(=O)C1COC(=O)O1)n1cc(-c2ccsc2)nn1,7ga1,a,7ga3,a
CC(CNC(=O)C1CCC(=O)O1)n1cc(-c2ccsc2)nn1,7ga1,a,7ga3,a
CC(CNC(=O)C1CCS(=O)(=O)C1)n1cc(-c2ccsc2)nn1,7ga1,a,7ga3,a
CC(CNC(=O)C1COC(=O)C1)n1cc(-c2cccs2)nn1,7ga1,a,7ga3,a
CC(CNC(=O)C1CC(=O)CO1)n1cc(-c2cccs2)nn1,7ga1,a,7ga3,a
CC(CNC(=O)C1CCS1(=O)=O)n1cc(-c2cccs2)nn1,7ga1,a,7ga3,a
CC(CNC(=O)C1COC(=O)O1)n1cc(-c2cccs2)nn1,7ga1,a,7ga3,a
CCCNC(=O)c1cc(-c2cccs2)n(C2CCS(=O)(=O)C2)n1,7ga1,a,7ga3,a
CCCN(C(=O)c1cnc(-c2ccsc2)s1)C1CCS(=O)(=O)C1,7ga1,a,7ga3,a
O=C(NCCCN1CCOC1=O)c1csc(-c2cccs2)n1,7ga1,a,7ga3,a
CCCN(C(=O)c1csc(-c2cccs2)n1)C1CCS(=O)(=O)C1,7ga1,a,7ga3,a
O=C(NCCCN1CCCS1(=O)=O)c1ncoc1-c1cccs1,7ga1,a,7ga3,a
O=C1OCCN1CCCNC(=O)C1(c2cccs2)CCCC1,7ga1,a,7ga3,a
O=C1CCC(=O)N1CCCNC(=O)C1(c2cccs2)CCCC1,7ga1,a,7ga3,a
O=C(NCCCN1CCCS1(=O)=O)N1CCC(c2cccs2)C1,7ga1,a,7ga3,a
O=C(NCCCN1CCOC1=O)N1CCC(c2cccs2)C1,7ga1,a,7ga3,a
CCCN(C(=O)c1ccc(-c2cccs2)cn1)C1CCS(=O)(=O)C1,7ga1,a,7ga3,a
O=C1OCCC1CCCNC(=O)C1(c2cccs2)CCOCC1,7ga1,a,7ga3,a
O=C(NCCCN1CCCS1(=O)=O)N1CCCC1c1cccs1,7ga1,a,7ga3,a
O=C(NCCCN1CCOC1=O)c1cc(-c2cccs2)n[nH]1,7ga1,a,7ga3,a
O=C1CCC(=O)N1CCCNC(=O)C1(c2cccs2)CCCCC1,7ga1,a,7ga3,a
O=C1OCCN1CCCNC(=O)C1(c2cccs2)CCCCC1,7ga1,a,7ga3,a
O=C(NCCCN1CCCS1(=O)=O)c1cc(-c2cccs2)on1,7ga1,a,7ga3,a
O=C(NCCCN1CCOC1=O)N1CCN(c2cccs2)C(=O)C1,7ga1,a,7ga3,a
O=C(NCCCN1CCOC1=O)c1ccc(-c2cccs2)o1,7ga1,a,7ga3,a
O=C(NCCCN1CCOC1=O)c1c[nH]nc1-c1ccsc1,7ga1,a,7ga3,a
O=C(NCCCN1CCCS1(=O)=O)c1c[nH]nc1-c1ccsc1,7ga1,a,7ga3,a
O=C(CN1C(=O)CCC1=O)N1CCSC(c2cccs2)CC1,7ga1,a,7ga3,a
O=C(CN1CCOC1=O)N1CCSC(c2cccs2)CC1,7ga1,a,7ga3,a
CN(C)C(CNC(=O)C1CCCCS1(=O)=O)c1cccs1,7ga1,a,7ga3,a
CN(C)C(CNC(=O)C1CCC(=O)O1)c1cccs1,7ga1,a,7ga3,a
CN(C)C(CNC(=O)C1CCS1(=O)=O)c1cccs1,7ga1,a,7ga3,a
O=C(CSCC1CC2(CC2)C(=O)O1)NCCc1cccs1,7ga1,a,7ga3,a
COCc1ccsc1C(=O)OCC(=O)NC1CCS(=O)(=O)C1,7ga1,a,7ga3,a
CS(=O)(=O)c1csc(C(=O)OCC(=O)NC2CCS(=O)(=O)C2)c1,7ga1,a,7ga3,a
O=C(COC(=O)c1cc(Cl)cs1)NC1CCS(=O)(=O)C1,7ga1,a,7ga3,a
Cc1ccsc1C(=O)OCC(=O)NC1CCS(=O)(=O)C1,7ga1,a,7ga3,a
CNS(=O)(=O)c1csc(C(=O)OCC(=O)NC2CCS(=O)(=O)C2)c1,7ga1,a,7ga3,a
N#Cc1csc(C(=O)OCC(=O)NC2CCS(=O)(=O)C2)c1,7ga1,a,7ga3,a
O=C(COC(=O)c1ccc(-c2cccs2)s1)NC1CCS(=O)(=O)C1,7ga1,a,7ga3,a
Cc1csc(C(=O)OCC(=O)NC2CCS(=O)(=O)C2)c1,7ga1,a,7ga3,a
N#Cc1ccc(C(=O)OCC(=O)NC2CCS(=O)(=O)C2)s1,7ga1,a,7ga3,a
O=C(COC(=O)c1cc(C(F)F)cs1)NC1CCS(=O)(=O)C1,7ga1,a,7ga3,a
O=C(COC(=O)c1ccc(-c2nc3ccccc3s2)s1)NC1CCS(=O)(=O)C1,7ga1,a,7ga3,a
O=C1OCCC1CCn1cc(-c2cccs2)nn1,7ga1,a,7ga3,a
O=C1CCCC(CCn2nnc(-c3ccsc3)n2)O1,7ga1,a,7ga3,a
O=C1OCCC1CCn1nnc(-c2cccs2)n1,7ga1,a,7ga3,a
O=C1OCCCN1CCN1C(=O)NC(c2ccsc2)C1=O,7ga1,a,7ga3,a
O=C1OCCCN1CCN1C(=O)NC(c2cccs2)C1=O,7ga1,a,7ga3,a
O=C1COCCN1CCN1CCN(c2cccs2)C(=O)C1,7ga1,a,7ga3,a
O=C1OCCC1CCN1CCN(c2cccs2)C(=O)C1,7ga1,a,7ga3,a
O=C1OCCN1CCN1CCC(=Cc2cccs2)CC1,7ga1,a,7ga3,a
C1CC(C23OCC(CO2)CO3)CN1,7ga2,a,7ga3,a
O=C1CC2(CC2)C(=O)N1C1CCNC1,7ga2,a,7ga3,a
O=C1C=CC(=O)N1N1CCCC1,7ga2,a,7ga3,a
O=C1COCCC1C1CCCN1,7ga2,a,7ga3,a
O=C1COCC(=O)N1C1CCNC1,7ga2,a,7ga3,a
O=S1(=O)CCCN1C1CCNC1,7ga2,a,7ga3,a
O=C1COCC1C1CCCN1,7ga2,a,7ga3,a
O=C1OCCC1N1CCCC1,7ga2,a,7ga3,a
O=C1CCCC(=O)N1C1CCNC1,7ga2,a,7ga3,a
O=C1CCCS(=O)(=O)N1C1CCNC1,7ga2,a,7ga3,a
O=S1(=O)C=CN=C1N1CCCC1,7ga2,a,7ga3,a
O=S1(=O)CCCC(N2CCCC2)C1,7ga2,a,7ga3,a
O=C1CCC(=O)C1C1CCCN1,7ga2,a,7ga3,a
O=C1CN(C2CCNC2)CCCO1,7ga2,a,7ga3,a
O=S1(=O)CCC(N2CCCC2)C1,7ga2,a,7ga3,a
O=S1(=O)CCCC(C2CCNC2)C1,7ga2,a,7ga3,a
O=C1CS(=O)(=O)CC1C1CCCN1,7ga2,a,7ga3,a
O=C1CCC(=O)N1C1CCNC1,7ga2,a,7ga3,a
O=C1CCCN(C2CCNC2)O1,7ga2,a,7ga3,a
O=S1(=O)CCCCC1C1CCCN1,7ga2,a,7ga3,a
O=C1CCC(C2CCCN2)C1=O,7ga2,a,7ga3,a
O=C1OCCCN1C1CCNC1,7ga2,a,7ga3,a
O=C1OCCN1C1CCNC1,7ga2,a,7ga3,a
O=C1CC2(CC2)ON1C1CCNC1,7ga2,a,7ga3,a
O=S1(=O)CCCC1C1CCCN1,7ga2,a,7ga3,a
O=C1CCCON1C1CCNC1,7ga2,a,7ga3,a
O=C1C=C(N2CCCC2)CO1,7ga2,a,7ga3,a
O=C1CC2(CC2)CC(=O)N1C1CCNC1,7ga2,a,7ga3,a
O=S1(=O)C=C(N2CCCC2)CCC1,7ga2,a,7ga3,a
C1CNC(C23OCC(CO2)CO3)C1,7ga2,a,7ga3,a
O=C1CSCC(=O)N1C1CCNC1,7ga2,a,7ga3,a
O=C1CSC(=O)N1C1CCNC1,7ga2,a,7ga3,a
O=S1(=O)CCCCN1C1CCNC1,7ga2,a,7ga3,a
O=C1CN(C2CCNC2)CCO1,7ga2,a,7ga3,a
O=C1C2CC2C(=O)N1C1CCNC1,7ga2,a,7ga3,a
O=C1CCCCC(=O)N1C1CCNC1,7ga2,a,7ga3,a
O=S1(=O)CCCC1C1CCNC1,7ga2,a,7ga3,a
O=C1COC(=O)N1C1CCNC1,7ga2,a,7ga3,a
O=C1CCS(=O)(=O)N1C1CCNC1,7ga2,a,7ga3,a
O=C1CCOCCN1C1CCNC1,7ga2,a,7ga3,a
O=C1C=CC(=O)N1C1CCNC1,7ga2,a,7ga3,a
O=C1COCCN1C1CCNC1,7ga2,a,7ga3,a
O=C1CCC(C2CCCN2)O1,7ga2,a,7ga3,a
O=S1(=O)CCCC(C2CCCN2)C1,7ga2,a,7ga3,a
O=S1(=O)CCC1C1CCCN1,7ga2,a,7ga3,a
CC(CN1CCCC1)NC(=O)NC1CCS(=O)(=O)C1,7ga2,a,7ga3,a
CC(CN1CCCC1)NC(=O)NC1COC(=O)C1,7ga2,a,7ga3,a
CC(C)(NC(=O)CCCN1CCOC1=O)C(=O)N1CCCC1,7ga2,a,7ga3,a
CC(CCN1CCOC1=O)NC(=O)C#CC1(C)CCCN1,7ga2,a,7ga3,a
CSCCC(NC(=O)C1CCCS(=O)(=O)C1)C(=O)N1CCCC1,7ga2,a,7ga3,a
CC(C)SC(C)C(=O)N1CCC(NC(=O)CN2CCOC2=O)C1,7ga2,a,7ga3,a
CC(C)SC(C)C(=O)N1CCC(NC(=O)C2CCC(=O)O2)C1,7ga2,a,7ga3,a
CC(C)SC(C)C(=O)N1CCC(NC(=O)C2COC(=O)O2)C1,7ga2,a,7ga3,a
CC(C)SC(C)C(=O)N1CCC(CNC(=O)C2CCC(=O)O2)C1,7ga2,a,7ga3,a
CC(C)N(C)CC(=O)NCC1CCCN1C(=O)C1CCS1(=O)=O,7ga2,a,7ga3,a
CC(C)N(C)CC(=O)NCC1CCCN1C(=O)C1CCC(=O)O1,7ga2,a,7ga3,a
CC(C)N(C)CC(=O)NCC1CCCN1C(=O)CN1CCOC1=O,7ga2,a,7ga3,a
CCC(C)(C)C(O)C(=O)N1CCC(N2CCOC2=O)C1,7ga2,a,7ga3,a
COCC(NC(=O)C(=O)N1CCC(N2CCOC2=O)C1)C1CC1,7ga2,a,7ga3,a
CC(C)(CNC(=O)CCF)C1CCCN1C(=O)C1CCC(=O)O1,7ga2,a,7ga3,a
N#CCC(O)CN1CCC(N2CCOC2=O)C1,7ga2,a,7ga3,a
CC(C)S(=O)(=O)C1CCN(C(=O)C2=CS(=O)(=O)CCC2)C1,7ga2,a,7ga3,a
CC(C)S(=O)(=O)C1CCN(C(=O)CCN2C(=O)CCC2=O)C1,7ga2,a,7ga3,a
CC(C)S(=O)(=O)C1CCN(C(=O)CCN2CCOC2=O)C1,7ga2,a,7ga3,a
CC(C)S(=O)(=O)C1CCN(C(=O)CN2C(=O)CCC2=O)C1,7ga2,a,7ga3,a
CC(C)S(=O)(=O)C1CCN(C(=O)NCCN2CCCOC2=O)C1,7ga2,a,7ga3,a
CC(C)S(=O)(=O)C1CCN(C(=O)CN(C)C2CCS(=O)(=O)C2)C1,7ga2,a,7ga3,a
CC(C)S(=O)(=O)C1CCN(CN2C(=O)CCCCC2=O)C1,7ga2,a,7ga3,a
CC(C)S(=O)(=O)C1CCN(CC2CCS(=O)(=O)C2)C1,7ga2,a,7ga3,a
CC(C)S(=O)(=O)C1CCN(S(=O)(=O)CCN2CCOC2=O)C1,7ga2,a,7ga3,a
CC(C)S(=O)(=O)C1CCN(S(=O)(=O)CC2CC3(CC3)C(=O)O2)C1,7ga2,a,7ga3,a
CC(C)S(=O)(=O)C1CCN(C(=O)NCC2CCOC2=O)C1,7ga2,a,7ga3,a
O=C1CCC(=O)N1CC(O)CN1CCCC(N2CCCC2)CC1,7ga2,a,7ga3,a
CC(C)Oc1cnc(N2CCC(N3CCOC3=O)C2)nc1,7ga2,a,7ga3,a
O=C1CCC(=O)N1CC(O)CN1CCCC(N2CCCC2)C1,7ga2,a,7ga3,a
CN(C(=O)CC1CCCS(=O)(=O)C1)C1CCN(C(=O)CO)C1,7ga2,a,7ga3,a
O=C(CN1CCCCS1(=O)=O)NCCC1CCCN1C(=O)CO,7ga2,a,7ga3,a
O=C(CC1CCCS1(=O)=O)NCCC1CCCN1C(=O)CO,7ga2,a,7ga3,a
O=C(CN1CCCCS1(=O)=O)NCCC1CCN(C(=O)CO)C1,7ga2,a,7ga3,a
O=C(CC1CCS(=O)(=O)C1)NCCC1CCN(C(=O)CO)C1,7ga2,a,7ga3,a
CCCN(C(=O)CC1CCCS1(=O)=O)C1CCN(C(=O)CO)C1,7ga2,a,7ga3,a
O=C(NCC1CCCN1C(=O)CO)C1CCCS1(=O)=O,7ga2,a,7ga3,a
O=C(NCC1CCCN1C(=O)CO)C1CCS1(=O)=O,7ga2,a,7ga3,a
O=C(NCC1CCN(C(=O)CO)C1)C1CCCCCS1(=O)=O,7ga2,a,7ga3,a
O=C(NCC1CCN(C(=O)CO)C1)C1CCCS(=O)(=O)C1,7ga2,a,7ga3,a
O=C(C(O)C1CCS(=O)(=O)CC1)N1CCC(N2CCOC2=O)C1,7ga2,a,7ga3,a
CC(C)(NC(=O)CN1CCCCS1(=O)=O)C1CCCN1C(=O)CO,7ga2,a,7ga3,a
CN(C(=O)CCN1CCCS1(=O)=O)C1CCN(C(=O)CO)C1,7ga2,a,7ga3,a
O=C(CSC1CCS(=O)(=O)C1)NCCC1CCN(C(=O)CO)C1,7ga2,a,7ga3,a
O=C(NCCC1CCN(C(=O)CO)C1)C1=CS(=O)(=O)CCC1,7ga2,a,7ga3,a
O=C(NCCC1CCN(C(=O)CO)C1)C1CCCS1(=O)=O,7ga2,a,7ga3,a
O=C(NCCC1CCN(C(=O)CO)C1)C1CCCS(=O)(=O)C1,7ga2,a,7ga3,a
O=C(CSC1CCS(=O)(=O)C1)NCC1CCCN1C(=O)CO,7ga2,a,7ga3,a
CN(CC1CCN(C(=O)CO)C1)C(=O)C1CCCCS1(=O)=O,7ga2,a,7ga3,a
O=C(COC1CCCCC1)N1CCC(N2CCOC2=O)C1,7ga2,a,7ga3,a
O=C(COc1ccccc1)N1CCC(N2C(=O)CSC2=O)C1,7ga2,a,7ga3,a
CCN(C(=O)C1=CS(=O)(=O)CCC1)C1CCN(C(=O)CO)C1,7ga2,a,7ga3,a
O=C(C(O)C1CCCC1)N1CCC(N2CCOC2=O)C1,7ga2,a,7ga3,a
CN(CC1CCCN1C(=O)CO)C(=O)CN1CCCS1(=O)=O,7ga2,a,7ga3,a
CN(CC1CCCN1C(=O)CO)C(=O)CC1CCCS1(=O)=O,7ga2,a,7ga3,a
CC(C)(C)C1OCCOC1=O,7g9y,a,7ga3,a
CC(C)CN1CCCS1(=O)=O,7g9y,a,7ga3,a
CC(C)CN1C(=O)COC1=O,7g9y,a,7ga3,a
CC(C)(C)N1CCCCS1(=O)=O,7g9y,a,7ga3,a
CC(C)CC1CC(=O)C=CO1,7g9y,a,7ga3,a
CC(C)(C)C1CC(=O)C=CO1,7g9y,a,7ga3,a
CC(C)CN1CCOC(=O)C1=O,7g9y,a,7ga3,a
CC(C)(C)N1C(=O)C=CC1=O,7g9y,a,7ga3,a
CC(C)CN1CCCOCC1=O,7g9y,a,7ga3,a
CC(C)CC1COCCC1=O,7g9y,a,7ga3,a
CC(C)CN1C(=O)CCCCC1=O,7g9y,a,7ga3,a
CC(C)(C)C1COCC1=O,7g9y,a,7ga3,a
CC(C)CN1CCOCCC1=O,7g9y,a,7ga3,a
CC(C)(C)C1CS(=O)(=O)CC1=O,7g9y,a,7ga3,a
CC(C)CN1CC(=O)OC(=O)C1,7g9y,a,7ga3,a
CC(C)CC1CCC(=O)O1,7g9y,a,7ga3,a
CC(C)CN1C(=O)CSCC1=O,7g9y,a,7ga3,a
CC(C)CC1CC(=O)OC1=O,7g9y,a,7ga3,a
CC(C)(C)C1OCCC1=O,7g9y,a,7ga3,a
CC(C)CN1CCC(=O)C1=O,7g9y,a,7ga3,a
CC(C)CC1CC(=O)CCO1,7g9y,a,7ga3,a
CC(C)CC1COCC1=O,7g9y,a,7ga3,a
CC(C)CN1C(=O)C2CC2C1=O,7g9y,a,7ga3,a
CC(C)CN1C(=O)CCS1(=O)=O,7g9y,a,7ga3,a
CC(C)(C)C1=CC(=O)OC1=O,7g9y,a,7ga3,a
CC(C)CN1CCOC1=O,7g9y,a,7ga3,a
CC(C)CC1COCC12CO2,7g9y,a,7ga3,a
CC(C)CN1C(=O)CSC1=O,7g9y,a,7ga3,a
CC(C)(C)N1C(=O)CCC1=O,7g9y,a,7ga3,a
CC(C)(C)N1CC(=O)CC1=O,7g9y,a,7ga3,a
CC(C)(C)N1CCCC(=O)C1=O,7g9y,a,7ga3,a
CC(C)(C)C1CC(=O)CCO1,7g9y,a,7ga3,a
CC(C)CC1CCOCC1=O,7g9y,a,7ga3,a
CC(C)CC1OCCCC1=O,7g9y,a,7ga3,a
CC(C)(C)N1CCCS1(=O)=O,7g9y,a,7ga3,a
CC(C)CN1C(=O)C=CC1=O,7g9y,a,7ga3,a
CC(C)(C)N1CCC(=O)C1=O,7g9y,a,7ga3,a
CC(C)CC1C(=O)COCC1=O,7g9y,a,7ga3,a
CC(C)(C)C1COC(=O)O1,7g9y,a,7ga3,a
CC(C)CC1OCCC1=O,7g9y,a,7ga3,a
CC(C)(C)C1CCC(=O)O1,7g9y,a,7ga3,a
CC(C)(C)C1OCCCC1=O,7g9y,a,7ga3,a
CC(C)(C)N1C(=O)CCCC1=O,7g9y,a,7ga3,a
CC(C)(C)C1OCCCC12CO2,7g9y,a,7ga3,a
CC(C)CN1C(=O)C=CCC1=O,7g9y,a,7ga3,a
CC(C)CN1CCS1(=O)=O,7g9y,a,7ga3,a
CC(C)CN1CCOCC1=O,7g9y,a,7ga3,a
CC(C)(C)N1CCOC(=O)C1=O,7g9y,a,7ga3,a
CC(C)CN1CC(=O)CC1=O,7g9y,a,7ga3,a
CC(C)(C)C1OC=CC1=O,7g9y,a,7ga3,a
CC(C)CC1CC(=O)CO1,7g9y,a,7ga3,a
CC(C)(C)C1CC(=O)CO1,7g9y,a,7ga3,a
CC(C)(C)N1C(=O)C=CCC1=O,7g9y,a,7ga3,a
CC(C)CC1CC(=O)OC(=O)C1,7g9y,a,7ga3,a
CC(C)(C)C1CC(=O)OC(=O)C1,7g9y,a,7ga3,a
CC(C)(C)N1CC(=O)OC(=O)C1,7g9y,a,7ga3,a
CC(C)CC1=NOC(=O)C1,7g9y,a,7ga3,a
CC(C)(C)N1C(=O)COCC1=O,7g9y,a,7ga3,a
CC(C)(C)N1C(=O)CCCCC1=O,7g9y,a,7ga3,a
CC(C)CN1CCC2(CC2)S1(=O)=O,7g9y,a,7ga3,a
CC(C)CN1CCCC2(CC2)S1(=O)=O,7g9y,a,7ga3,a
CC(C)CC1CC(=O)CC(=O)C1,7g9y,a,7ga3,a
CC(C)CC1CCOC1=O,7g9y,a,7ga3,a
CC(C)CN1CCCC(=O)C1=O,7g9y,a,7ga3,a
CC(C)CN1C(=O)COCC1=O,7g9y,a,7ga3,a
CC(C)(C)C1CC(=O)CC(=O)C1,7g9y,a,7ga3,a
CC(C)CC1CS(=O)(=O)CC1=O,7g9y,a,7ga3,a
CC(C)CN1CCCCCS1(=O)=O,7g9y,a,7ga3,a
CC(C)CN1C(=O)CCCC1=O,7g9y,a,7ga3,a
CC(C)CC1OC=CC1=O,7g9y,a,7ga3,a
CC(C)CN1CCOCC(=O)C1,7g9y,a,7ga3,a
CC(C)(C)N1C(=O)C=CS1(=O)=O,7g9y,a,7ga3,a
CC(C)CN1CCCCS1(=O)=O,7g9y,a,7ga3,a
CC(C)CN1C(=O)CCCS1(=O)=O,7g9y,a,7ga3,a
CC(C)(C)N1C(=O)CSCC1=O,7g9y,a,7ga3,a
CC(C)(C)C1CCOC1=O,7g9y,a,7ga3,a
CC(C)CN1C(=O)CCC1=O,7g9y,a,7ga3,a
CC(CCN1CCOC1=O)NC1CCN(C(C)(C)C)CC1,7g9y,a,7ga3,a
CC(CCN1CCOC1=O)Nc1ccnc(C(C)(C)C)n1,7g9y,a,7ga3,a
CC(C)CN1CCC(C(=O)NNC(=O)NC2CCS(=O)(=O)C2)CC1,7g9y,a,7ga3,a
CC(C)Cc1nnc(NC(=O)NNC(=O)C2CCS(=O)(=O)C2)s1,7g9y,a,7ga3,a
CC(C)(C)N1CC(C(=O)NNC(=O)NC2CCS(=O)(=O)C2)CC1=O,7g9y,a,7ga3,a
CC(C)Cc1nc(C(=O)NNC(=O)NC2CCS(=O)(=O)C2)c[nH]1,7g9y,a,7ga3,a
CC(C)Cc1ccc(NC(=O)NNC(=O)C2CCS(=O)(=O)C2)cc1,7g9y,a,7ga3,a
CC(C)(C)c1cc(C(=O)NNC(=O)NC2CCS(=O)(=O)C2)no1,7g9y,a,7ga3,a
CC(C)(C)c1cnc(C(C#N)C(=O)CN2CCCOC2=O)s1,7g9y,a,7ga3,a
CC(C)Cn1nc(-c2ccc3[nH]cnc3c2)nc1C1COC(=O)C1,7g9y,a,7ga3,a
CC(C)Cn1nc(-c2ccc3[nH]cnc3c2)nc1C1COC(=O)O1,7g9y,a,7ga3,a
CC(C)Cc1nc(C2COC(=O)O2)n(-c2nc3ccccc3[nH]2)n1,7g9y,a,7ga3,a
CC(C)(C)c1ccncc1CNC(=O)CCN1CCOC1=O,7g9y,a,7ga3,a
CC(C)CN1CCC(CNC(=O)CCN2C(=O)CCC2=O)C1,7g9y,a,7ga3,a
CC(C)Cc1cc(CNC(=O)CCN2CCCS2(=O)=O)no1,7g9y,a,7ga3,a
CC(C)Cc1cccc(C(C)C(=O)NCC2COC(=O)O2)c1,7g9y,a,7ga3,a
CC(C)Cc1cccc(C(C)C(=O)N(C)C2CCS(=O)(=O)C2)c1,7g9y,a,7ga3,a
CC(C)(C)C1OCCCC1CNC(=O)CCN1CCOC1=O,7g9y,a,7ga3,a
CC(C)CN1CCCC(CNC(=O)CCN2CCOC2=O)C1,7g9y,a,7ga3,a
CC(C)(C)c1conc1CNC(=O)CCN1C(=O)CCC1=O,7g9y,a,7ga3,a
CN(C(=O)CCN1C(=O)CCC1=O)C1CCCC1C(C)(C)C,7g9y,a,7ga3,a
CC(C)(C)c1csc(CNC(=O)CCN2CCOC2=O)n1,7g9y,a,7ga3,a
CC(C(=O)NCC1CC(C(C)(C)C)C1)N1C(=O)CCC1=O,7g9y,a,7ga3,a
O=S1(=O)CCCC(c2ncc3c(n2)CCNC3)C1,7g9y,a,7ga3,a
O=S1(=O)CCC(c2ncc3c(n2)CCNC3)C1,7g9y,a,7ga3,a
Cc1ncc2c(n1)CCN(C(=O)CN(C)C1CCS(=O)(=O)C1)C2,7g9y,a,7ga3,a
Cc1ncc2c(n1)CCN(S(=O)(=O)CCN1CCOC1=O)C2,7g9y,a,7ga3,a
Cc1ncc2c(n1)CCN(C(=O)C1COC(=O)O1)C2,7g9y,a,7ga3,a
Cc1ncc2c(n1)CCN(C(=O)C1CCCCS1(=O)=O)C2,7g9y,a,7ga3,a
Cc1ncc2c(n1)CCN(C(=O)C1=CS(=O)(=O)CCC1)C2,7g9y,a,7ga3,a
Cc1ncc2c(n1)CCN(C(=O)NCC1CCOC1=O)C2,7g9y,a,7ga3,a
Cc1ncc2c(n1)CCN(C(=O)CCN1C(=O)CCC1=O)C2,7g9y,a,7ga3,a
Cc1ncc2c(n1)CCN(C(=O)CCCCN1C(=O)CCC1=O)C2,7g9y,a,7ga3,a
Cc1ncc2c(n1)CCN(CCN1C(=O)CCC1=O)C2,7g9y,a,7ga3,a
Cc1ncc2c(n1)CCN(CCC1CCS(=O)(=O)C1)C2,7g9y,a,7ga3,a
CCc1ncc2c(n1)CCN(C(=O)NC1CCS(=O)(=O)C1)C2,7g9y,a,7ga3,a
CCc1ncc2c(n1)CCN(C(=O)NC1COC(=O)C1)C2,7g9y,a,7ga3,a
COCc1ncc2c(n1)CCN(C(=O)NC1CCOC1=O)C2,7g9y,a,7ga3,a
Nc1ncc2c(n1)CCN(C(=O)CN1CCCOC1=O)C2,7g9y,a,7ga3,a
Nc1ncc2c(n1)CCN(C(=O)C1=CS(=O)(=O)CCC1)C2,7g9y,a,7ga3,a
Cc1ncc2c(n1)CCN(C(=O)CCCCN1C(=O)CCC1=O)C2,7g9y,a,7ga3,a
COc1ncnc2c1CN(CCCN1CCOC1=O)CC2,7g9y,a,7ga3,a
CCc1ncc2c(n1)CCN(CCCN1CCOC1=O)C2,7g9y,a,7ga3,a
COCc1ncc2c(n1)CCN(CCCN1CCOC1=O)C2,7g9y,a,7ga3,a
COc1ncnc2c1CN(C1CCOC1=O)CC2,7g9y,a,7ga3,a
COc1ncnc2c1CN(CC1CC3(CC3)C(=O)O1)CC2,7g9y,a,7ga3,a
COc1ncnc2c1CN(CC1CCC(=O)O1)CC2,7g9y,a,7ga3,a
COc1ncnc2c1CN(C(=O)CSC1CCOC1=O)CC2,7g9y,a,7ga3,a
COc1ncnc2c1CN(CCCN1CCOC1=O)CC2,7g9y,a,7ga3,a
COc1ncnc2c1CN(CCN1CCOCC1=O)CC2,7g9y,a,7ga3,a
COc1ncnc2c1CN(CCN1CCCS1(=O)=O)CC2,7g9y,a,7ga3,a
COc1ncnc2c1CN(CCN1C(=O)CCC1=O)CC2,7g9y,a,7ga3,a
COc1ncnc2c1CN(C(=O)CC1CCS(=O)(=O)C1)CC2,7g9y,a,7ga3,a
COc1ncnc2c1CN(C(=O)CN1CCOC1=O)CC2,7g9y,a,7ga3,a
COc1ncnc2c1CN(C(=O)NCC1COC(=O)O1)CC2,7g9y,a,7ga3,a
COc1ncnc2c1CN(C(=O)NCC1CCS(=O)(=O)C1)CC2,7g9y,a,7ga3,a
COc1ncnc2c1CN(C(=O)CCN1CCCS1(=O)=O)CC2,7g9y,a,7ga3,a
COc1ncnc2c1CN(S(=O)(=O)CC1CC3(CC3)C(=O)O1)CC2,7g9y,a,7ga3,a
COc1ncnc2c1CN(C(=O)NCCN1CCOC1=O)CC2,7g9y,a,7ga3,a
O=C1OCCCC1N1CCc2nc(C3CC3)ncc2C1,7g9y,a,7ga3,a
O=S1(=O)CCC(CCN2CCc3nc(C4CC4)ncc3C2)C1,7g9y,a,7ga3,a
O=C(C1CCS(=O)(=O)C1)N1CCc2nc(C3CC3)ncc2C1,7g9y,a,7ga3,a
O=C1OCCN1C(=O)N1CCc2nc(C3CC3)ncc2C1,7g9y,a,7ga3,a
O=C1OC(CN2CCc3nc(C4CC4)ncc3C2)CC12CC2,7g9y,a,7ga3,a
CC(C)(C)c1ncc2c(n1)CCN(C1CCCOC1=O)C2,7g9y,a,7ga3,a
CC(C)(C)c1ncc2c(n1)CCN(C(=O)C1COC(=O)O1)C2,7g9y,a,7ga3,a
CC(C)(C)c1ncc2c(n1)CCN(C(=O)C1CC(=O)CO1)C2,7g9y,a,7ga3,a
CC(C)(C)c1ncc2c(n1)CCN(CC1CCC(=O)O1)C2,7g9y,a,7ga3,a
CC(C)(C)c1ncc2c(n1)CCN(CC1CC3(CC3)C(=O)O1)C2,7g9y,a,7ga3,a
CC1CN(CC(=O)NC2CCS(=O)(=O)C2)Cc2cncnc21,7g9y,a,7ga3,a
O=C1OCCCC1N1CCc2nc(C(F)(F)F)ncc2C1,7g9y,a,7ga3,a
O=C1CC(CC(=O)N2CCc3nc(C(F)(F)F)ncc3C2)CO1,7g9y,a,7ga3,a
O=C1OCCC1CC(=O)N1CCc2nc(C(F)(F)F)ncc2C1,7g9y,a,7ga3,a
O=C(CN1CCOC1=O)N1CCc2nc(C(F)(F)F)ncc2C1,7g9y,a,7ga3,a
O=C1OCC(C(=O)N2CCc3nc(C(F)(F)F)ncc3C2)O1,7g9y,a,7ga3,a
O=C1OCC(CNC(=O)N2CCc3nc(C(F)(F)F)ncc3C2)O1,7g9y,a,7ga3,a
O=C1CC2(CC2)C(CN2CCc3nc(C(F)(F)F)ncc3C2)O1,7g9y,a,7ga3,a
CC1CN(CC2CCS(=O)(=O)C2)Cc2cncnc21,7g9y,a,7ga3,a
COc1ncnc2c1CN(CC1CC3(CC3)C(=O)O1)CC2,7g9y,a,7ga3,a
COc1ncnc2c1CN(CC1CCC(=O)O1)CC2,7g9y,a,7ga3,a
CC(C)c1ncc2c(n1)CCN(CC1CCC(=O)O1)C2,7g9y,a,7ga3,a
O=C1CC2(CC2)C(CN2CCc3nc(C(F)(F)F)ncc3C2)O1,7g9y,a,7ga3,a
O=C1OC(CN2CCc3nc(C4CC4)ncc3C2)CC12CC2,7g9y,a,7ga3,a
CC(C)(C)c1ncc2c(n1)CCN(CC1CCC(=O)O1)C2,7g9y,a,7ga3,a
CC(C)(C)c1ncc2c(n1)CCN(CC1CC3(CC3)C(=O)O1)C2,7g9y,a,7ga3,a
CN(C)c1ncc2c(n1)CCN(CC1CCCS1(=O)=O)C2,7g9y,a,7ga3,a
CN(C)c1ncc2c(n1)CCN(CC1OC(=O)CC13CC3)C2,7g9y,a,7ga3,a
CN(C)c1ncc2c(n1)CCN(CC1CCS(=O)(=O)C1)C2,7g9y,a,7ga3,a
CCc1ncc2c(n1)CCN(CC1CCOC1=O)C2,7g9y,a,7ga3,a
CCc1ncc2c(n1)CCN(CN1C(=O)CCCCC1=O)C2,7g9y,a,7ga3,a
CN(C)c1ncc2c(n1)CCN(CCN1C(=O)CCC1=O)C2,7g9y,a,7ga3,a
CN(C)c1ncc2c(n1)CCN(C(=O)C1=CCS(=O)(=O)C1)C2,7g9y,a,7ga3,a
CN(C)c1ncc2c(n1)CCN(C(=O)C1COC(=O)O1)C2,7g9y,a,7ga3,a
CN(C)c1ncc2c(n1)CCN(CC1CCCS1(=O)=O)C2,7g9y,a,7ga3,a
CN(C)c1ncc2c(n1)CCN(CC1OC(=O)CC13CC3)C2,7g9y,a,7ga3,a
CN(C)c1ncc2c(n1)CCN(CC1CCS(=O)(=O)C1)C2,7g9y,a,7ga3,a
CN(C)c1ncc2c(n1)CCN(C(=O)NCC1COC(=O)O1)C2,7g9y,a,7ga3,a
CC1CN(CC(=O)NC2CCS(=O)(=O)C2)Cc2cncnc21,7g9y,a,7ga3,a
CC1CN(C(=O)CN2CCCOC2=O)Cc2cncnc21,7g9y,a,7ga3,a
CC1CN(C(=O)C2COC(=O)C2)Cc2cncnc21,7g9y,a,7ga3,a
CC1CN(CC2CCS(=O)(=O)C2)Cc2cncnc21,7g9y,a,7ga3,a
CC1CN(CCC2CCCC(=O)O2)Cc2cncnc21,7g9y,a,7ga3,a
CC1CN(CCN2CCOC2=O)Cc2cncnc21,7g9y,a,7ga3,a
CC1CN(CCC2CCS(=O)(=O)C2)Cc2cncnc21,7g9y,a,7ga3,a
O=C1OCCCC1N1CCc2nc(C3CC3)ncc2C1,7g9y,a,7ga3,a
O=S1(=O)CCC(Nc2ncnc3c2CNCC3)C1,7g9y,a,7ga3,a
Nc1ncnc2c1CN(C(=O)CCCN1CCOC1=O)CC2,7g9y,a,7ga3,a
Nc1ncnc2c1CN(C(=O)NCCN1CCOC1=O)CC2,7g9y,a,7ga3,a
Nc1ncnc2c1CN(C(=O)CN1CCCS1(=O)=O)CC2,7g9y,a,7ga3,a
Nc1ncnc2c1CN(C(=O)CCN1CCCS1(=O)=O)CC2,7g9y,a,7ga3,a
Nc1ncnc2c1CN(C(=O)C1CCCCS1(=O)=O)CC2,7g9y,a,7ga3,a
CCc1ncc2c(n1)CCN(C(=O)C1CCCCCS1(=O)=O)C2,7g9y,a,7ga3,a
CCc1ncc2c(n1)CCN(C(=O)CC1CCCS1(=O)=O)C2,7g9y,a,7ga3,a
CCc1ncc2c(n1)CCN(C(=O)NC1CCS(=O)(=O)C1)C2,7g9y,a,7ga3,a
CCc1ncc2c(n1)CCN(C(=O)NC1COC(=O)C1)C2,7g9y,a,7ga3,a
CCc1ncc2c(n1)CCN(CC1CCOC1=O)C2,7g9y,a,7ga3,a
CCc1ncc2c(n1)CCN(CN1C(=O)CCCCC1=O)C2,7g9y,a,7ga3,a
CCc1ncc2c(n1)CCN(S(=O)(=O)CCCN1CCOC1=O)C2,7g9y,a,7ga3,a
CCc1ncc2c(n1)CCN(CCCN1CCOC1=O)C2,7g9y,a,7ga3,a
CCc1ncc2c(n1)CCN(C(=O)NCC1COC(=O)O1)C2,7g9y,a,7ga3,a
O=C(NCCCCN1CCOC1=O)N1CCc2ncncc2C1,7g9y,a,7ga3,a
O=C(CN1CCCCS1(=O)=O)N1CCc2ncncc2C1,7g9y,a,7ga3,a
O=C(CN1CCCOC1=O)N1CCc2ncncc2C1,7g9y,a,7ga3,a
